<DTYYYYMMDD>,<OPEN>,<HIGH>,<LOW>,<CLOSE>,<VOL>
13901119,166.83,167,167,166.83,248387500
13901123,175.14,175,169,174.63,75848282
13901124,176.42,179,166,172.71,23435322
13901125,168.87,169,165,166.83,12352753
13901126,167.72,169,164,166.44,9402675
13901129,165.04,169,165,167.08,10763775
13901130,166.31,168,162,165.67,8287222
13901201,160.05,162,158,159.79,7255902
13901228,185.5,198,179,189.09,50477765
13910105,198.43,198,198,198.43,780221
13910106,208.28,208,208,208.28,1107443
13910107,215.31,219,202,214.42,35810039
13910108,223.88,225,223,224.78,6474176
13910109,235.91,236,236,235.91,468277
13910114,242.95,246,233,240.64,44896673
13910115,232.97,234,229,229.77,12919026
13910116,224.14,232,224,227.98,12630819
13910119,226.44,239,226,236.42,11614226
13910120,243.07,248,237,246.91,22050791
13910121,247.04,251,243,245.89,6497534
13910122,252.03,258,252,255.23,15758626
13910123,255.87,268,255,264.06,11247915
13910126,275.06,277,270,276.72,42588864
13910127,290.54,291,288,290.54,54534304
13910128,292.33,294,276,281.33,25315913
13910129,281.46,285,269,277.36,12988892
13910130,280.82,291,281,289.77,26599215
13910202,294.25,298,279,285.17,6825525
13910203,280.05,281,275,277.49,4886382
13910204,276.34,276,264,265.98,14799724
13910205,259.71,276,256,267.89,6179016
13910209,267.38,267,255,256.51,12686141
13910210,250.37,254,244,244.1,6441177
13910211,243.2,250,241,245.89,8112389
13910212,248.19,251,241,243.97,4328093
13910213,240.52,243,237,239.24,2869438
13910216,241.8,243,233,236.55,3383765
13910217,235.65,247,236,239.62,3594916
13910218,243.07,246,238,241.8,2785501
13910219,242.95,243,238,239.75,1648458
13910220,237.45,242,233,236.17,4350120
13910223,237.96,238,224,226.06,8680780
13910224,222.86,233,218,227.85,3181276
13910225,230.28,239,230,238.85,6715011
13910226,246.66,247,238,242.44,4007663
13910227,242.44,242,234,236.42,1971969
13910230,236.68,237,229,232.46,1047287
13910231,235.02,243,233,238.09,2077283
13910306,217.49,226,211,219.54,8305595
13910307,223.88,228,221,224.01,2051791
13910308,227.08,229,220,222.48,1360503
13910309,222.35,224,219,220.69,1528862
13910310,220.94,230,219,224.52,2624847
13910313,229.51,236,225,234.89,13753380
13910316,223.25,223,223,223.25,142509
13910317,212.11,217,212,212.11,10723379
13910320,209.68,210,202,202.9,4440448
13910321,197.02,202,193,196.63,5034242
13910322,204.31,206,199,203.67,11908534
13910323,204.18,204,195,198.3,3148642
13910324,196.89,201,193,196.25,2422747
13910327,198.17,200,193,196.12,2230973
13910328,194.08,198,191,193.05,2870569
13910330,198.3,198,192,195.74,806484
13910331,198.68,199,191,193.56,1370701
13910403,191.9,192,184,184.1,6791255
13910404,179.24,189,178,181.15,3251883
13910405,179.36,182,178,179.62,1850061
13910406,179.11,179,171,172.58,1962588
13910407,164.4,170,164,165.29,7333720
13910410,173.48,173,173,173.48,1112768
13910411,181.54,182,177,181.15,2970200
13910412,190.11,190,190,190.11,124304
13910413,199.58,200,192,198.55,9107701
13910414,194.59,200,189,194.84,3165647
13910417,194.08,196,188,191.9,1985973
13910418,186.91,191,182,184.35,2816471
13910419,177.83,179,175,176.04,5529253
13910420,178.98,185,178,184.61,8594351
13910421,186.91,194,187,192.41,4854986
13910424,193.95,198,183,187.94,2908114
13910425,186.78,189,179,182.43,7468150
13910426,179.11,182,173,173.86,6240185
13910507,179.11,179,164,168.11,6183980
13910508,165.04,169,160,161.71,1963529
13910509,166.06,170,162,168.75,6205164
13910510,177.06,177,177,177.06,2058534
13910511,185.89,186,175,181.41,8136518
13910514,173.99,174,172,172.71,1295629
13910515,166.31,178,165,171.82,3832494
13910516,177.7,180,175,178.98,7644589
13910517,179.11,179,170,171.56,3715237
13910518,173.99,180,168,178.6,4772322
13910521,181.67,187,180,185.5,7370675
13910522,188.06,190,176,181.79,6555737
13910523,179.11,190,176,187.81,6157691
13910524,190.62,197,191,196.89,8750879
13910525,206.61,207,207,206.61,491331
13910528,211.09,215,204,208.28,14120212
13910531,208.53,219,209,216.59,19637425
13910601,217.49,221,209,211.48,6827392
13910604,208.53,214,205,209.94,9914691
13910605,212.5,217,211,212.63,10247148
13910606,211.22,211,204,207.64,12671465
13910612,206.23,218,206,215.31,18972103
13910613,226.06,226,222,225.93,30144609
13910614,227.72,235,224,229.64,31080130
13910615,231.31,233,219,224.01,16883876
13910618,223.63,235,220,229.9,19196542
13910619,230.28,232,219,222.22,7595691
13910620,224.65,233,225,230.92,19660163
13910621,233.99,241,232,235.14,8536891
13910625,236.68,247,235,243.97,16137802
13910626,243.07,245,233,237.32,7266689
13910627,236.68,243,234,240.39,6490068
13910628,241.67,242,234,238.73,9227948
13910629,234.12,248,234,240,18264088
13910701,243.07,252,243,250.11,14145459
13910702,262.52,263,248,258.17,20663343
13910703,253.95,268,252,261.5,14387591
13910704,271.09,275,270,273.78,21113338
13910705,286.57,287,282,287.34,25945014
13910708,299.37,302,295,301.03,16532459
13910709,316,316,293,308.45,39525855
13910710,308.32,311,293,302.56,29549374
13910711,294.63,303,287,290.03,28973192
13910712,299.24,304,276,287.72,29433825
13910715,273.52,277,273,273.52,3412789
13910716,266.74,280,264,269.43,14493888
13910717,275.06,281,270,275.83,5464411
13910718,280.56,281,262,268.41,6322536
13910719,266.74,267,257,258.68,5511595
13910722,255.74,256,246,247.3,5884108
13910723,242.82,260,240,252.41,8846367
13910724,263.93,265,263,264.7,4459711
13910725,273.78,278,256,268.41,25921548
13910726,260.99,282,257,271.6,36541590
13910729,285.17,285,285,285.17,642959
13910730,299.37,299,292,299.24,80763901
13910801,314.08,314,314,314.08,125226625
13910802,313.44,325,299,312.93,41723248
13910803,308.96,329,309,323.16,50965227
13910806,329.69,339,329,338.13,51458881
13910807,348.62,352,329,341.97,49953987
13910808,345.68,355,339,347.6,29462483
13910809,346.45,365,346,356.68,56516880
13910810,345.55,357,341,349.77,34669309
13910814,354.38,363,345,352.59,20816474
13910815,345.42,345,335,335.57,46433930
13910816,336.72,352,337,347.21,22840857
13910817,358.22,364,354,360.9,28491733
13910820,366.53,372,348,360.52,21839636
13910821,361.67,369,356,359.62,14881794
13910822,354.38,368,348,360.52,15750596
13910823,362.69,378,362,376.38,45829718
13910824,386.36,395,384,392.63,49382575
13910827,391.61,392,373,377.53,40459922
13910828,371.01,386,367,374.98,15682902
13910829,362.05,367,356,357.58,27777373
13910830,350.8,363,340,350.28,14278204
13910901,356.94,363,356,360.13,12131325
13910906,369.22,378,369,375.1,16275501
13910907,383.8,393,376,383.93,23196358
13910908,383.67,390,371,382.52,24664591
13910911,378.56,385,371,378.81,17062565
13910912,382.4,390,370,378.56,20798245
13910913,374.85,377,368,372.16,16378297
13910914,374.08,379,369,372.29,9009147
13910915,368.58,380,365,374.98,15912235
13910918,385.21,394,371,386.23,49261954
13910919,371.01,377,367,368.45,34570072
13910920,365.89,377,354,362.18,10221550
13910921,356.94,367,352,356.42,6637061
13910922,354.89,356,345,350.28,9458834
13910925,357.96,363,352,355.91,6338385
13910926,360.65,370,352,363.72,11914892
13910927,369.73,382,370,378.56,25257889
13910928,387.64,388,372,378.81,20942887
13910929,376.13,385,365,373.44,20047247
13911002,371.01,380,367,375.61,12034401
13911003,394.29,394,394,394.29,20209966
13911004,414,414,414,414,10177848
13911005,427.17,428,394,416.17,68613268
13911006,407.98,437,404,432.8,68309330
13911101,382.14,408,372,396.72,29309695
13911102,404.27,417,403,413.1,24820668
13911103,406.83,412,393,394.42,18755213
13911104,411.95,414,407,413.74,15294357
13911107,431.01,434,418,427.56,15550401
13911108,416.43,418,406,407.6,18493492
13911109,389.82,411,390,402.1,12237691
13911111,407.6,408,391,395.83,6720661
13911114,396.98,412,391,397.11,13076670
13911115,399.03,409,391,399.28,15607001
13911116,394.42,402,385,390.71,15846789
13911117,385.98,402,385,391.99,7244134
13911118,393.14,411,393,405.04,67838913
13911121,406.96,409,394,399.03,7108714
13911123,400.43,419,395,409.39,21506959
13911124,419.62,422,399,408.75,7768579
13911125,400.69,403,395,398,6320902
13911128,404.27,411,400,406.96,7409507
13911129,419.62,427,412,426.15,79807636
13911130,446.62,447,442,447.26,44385314
13911209,483.59,484,461,470.29,77752961
13911212,453.53,466,447,447.77,43581784
13911213,434.98,448,425,430.63,38376342
13911214,438.81,445,420,429.35,14286701
13911215,415.79,423,410,414.25,16292438
13911216,415.91,431,416,425.13,88363266
13911219,419.11,425,412,416.68,8160587
13911220,417.45,437,417,434.98,37402185
13911221,434.98,441,429,434.85,5638001
13911222,432.29,445,424,435.87,10352372
13911223,445.21,457,427,441.76,38459458
13911226,424.87,428,420,420.65,6590958
13911227,400.56,418,400,408.49,13424020
13911228,410.67,429,408,416.81,8980090
13920105,437.53,438,438,437.53,1675976
13920106,458.64,459,435,448.67,12973163
13920107,441.37,442,429,432.29,5734894
13920110,422.18,426,412,417.45,6567639
13920111,424.74,429,413,418.86,7800285
13920114,415.79,416,409,411.44,9524374
13920117,418.09,418,405,407.6,6372853
13920118,404.53,409,396,401.59,6360893
13920119,402.99,412,402,406.83,7456795
13920120,409.39,416,404,409.01,8945590
13920121,405.55,409,397,404.02,13969614
13920124,400.43,400,388,391.61,9058930
13920126,390.2,399,388,393.65,5589352
13920127,393.65,403,390,394.55,10614576
13920128,396.72,398,375,381.5,17233273
13920131,375.23,380,362,363.08,22754360
13920201,362.05,375,348,358.22,17157669
13920202,373.57,376,371,375.36,3643051
13920203,394.04,394,394,394.04,1938036
13920204,413.74,414,402,409.77,24888312
13920207,406.7,413,395,404.14,11498710
13920208,402.86,409,388,397.24,10155293
13920209,396.98,417,394,410.54,18151195
13920210,415.79,417,399,406.45,12147998
13920211,400.95,416,400,406.06,13980451
13920214,426.02,426,423,426.15,6278007
13920215,447.39,447,421,439.33,38307852
13920216,432.42,438,418,425,11393304
13920217,422.18,425,406,409.65,7669669
13920218,405.68,414,397,401.33,5508634
13920221,403.12,420,403,413.23,6972564
13920222,433.7,434,409,424.49,20358306
13920223,413.23,421,403,406.57,5661495
13920224,396.6,399,388,391.86,5925334
13920225,399.15,407,377,390.58,7373832
13920228,377.53,379,371,371.78,3013217
13920229,365.89,390,360,376.51,6415123
13920230,383.67,393,371,384.95,3252070
13920402,369.73,374,354,364.87,35610538
13920404,370.37,373,357,363.97,5658818
13920405,371.01,382,366,377.15,6381171
13920408,387.64,396,377,393.27,10597412
13920409,402.99,413,397,409.9,13566788
13920410,419.62,420,398,408.24,11390534
13920411,396.6,397,389,392.25,7647885
13920412,395.32,407,386,393.27,11277203
13920415,397.75,412,393,404.66,12932596
13920416,410.03,417,385,395.7,23957185
13920417,387.64,391,384,386.62,8442685
13920418,386.11,389,374,380.48,8595293
13920419,383.8,394,374,383.55,6378788
13920422,374.85,383,366,368.71,6054589
13920426,360.9,375,356,364.48,9897304
13920505,377.53,414,378,404.78,21978740
13920506,397.11,418,396,410.67,14077819
13920507,416.94,431,416,429.35,13947447
13920509,450.71,451,451,450.71,13209957
13920512,473.23,473,454,472.08,94389546
13920513,470.8,486,461,476.43,28993559
13920514,473.36,489,462,476.55,13313812
13920515,478.86,500,474,497.79,64073713
13920516,509.05,523,506,515.96,52191631
13920520,530.93,542,527,535.92,19081563
13920521,521.97,531,510,517.24,24793423
13920522,513.14,516,498,503.42,16165177
13920523,497.66,528,495,519.92,17796565
13920526,534.76,545,512,525.55,13105539
13920527,515.83,516,499,501.76,11723596
13920528,503.04,518,496,505.72,9937091
13920529,507.9,508,489,494.47,4390453
13920530,497.02,515,493,507.77,10403039
13920602,515.57,527,512,516.47,10117120
13920603,519.41,525,504,512.25,4423134
13920604,505.34,509,489,496.77,8766775
13920605,493.83,504,472,482.57,10455124
13920606,458.52,465,459,459.54,28676781
13920609,473.36,482,467,480.01,12823461
13920610,493.83,504,490,503.42,19079693
13920612,516.85,528,507,517.49,24894777
13920613,491.65,492,492,491.65,3861215
13920616,472.08,485,470,474.25,9162236
13920617,486.15,498,486,495.87,7314689
13920618,514.17,515,483,498.18,7570988
13920619,511.48,523,511,520.18,8922187
13920620,546.15,546,530,541.16,29180365
13920623,537.32,539,516,524.66,8714444
13920624,525.94,535,513,521.84,8576641
13920625,511.99,532,512,525.68,8676463
13920626,531.57,540,521,527.22,10466342
13920627,533.49,540,525,532.72,7773170
13920630,538.73,541,520,524.53,46087959
13920631,516.85,517,502,509.31,7033758
13920701,515.45,531,511,518.65,6542002
13920702,507.77,518,505,509.18,5462597
13920703,511.74,514,505,508.92,9434099
13920706,523.12,523,503,509.82,9871349
13920707,505.21,512,499,503.68,9013650
13920708,504.19,525,501,514.81,12871542
13920709,523.25,535,509,524.91,14255300
13920710,528.37,532,516,522.23,7816860
13920713,512.38,527,512,517.88,5022256
13920714,518.13,519,511,514.94,8254225
13920715,511.74,514,504,508.79,5183173
13920716,504.32,515,504,506.75,4219098
13920717,509.05,511,496,500.99,20056032
13920720,511.86,526,499,521.2,19513646
13920721,534.51,543,521,530.54,15083461
13920722,523.12,528,516,520.44,10979356
13920723,515.96,542,516,529.52,10230475
13920727,529.65,543,512,526.45,13352009
13920728,515.83,516,502,508.79,7782459
13920729,505.34,513,499,504.83,8601563
13920730,503.42,510,494,505.08,5023080
13920801,504.06,517,502,510.97,6464234
13920804,509.18,525,499,507.51,3973187
13920805,502.91,508,494,497.41,3672484
13920806,497.66,498,480,487.56,3761975
13920807,493.83,502,488,495.36,2487181
13920808,497.66,505,480,492.42,9059464
13920811,494.08,499,481,490.5,4884514
13920812,490.63,491,483,485.25,4497066
13920813,481.67,491,481,485.64,3484867
13920814,488.84,495,479,486.53,6154608
13920815,486.15,486,481,484.49,6038293
13920818,491.27,499,473,481.29,6415663
13920819,476.04,486,476,480.65,3172952
13920820,477.19,477,461,468.11,7546089
13920821,470.16,490,470,477.83,3876369
13920825,487.56,502,477,495.62,6987230
13920826,502.78,503,481,487.3,3898302
13920827,486.15,486,473,475.79,7507026
13920828,484.61,493,478,483.34,3964348
13920829,482.95,488,481,484.1,4200508
13920902,486.15,494,481,486.41,4301627
13920903,491.27,499,481,491.78,5700102
13920904,497.41,497,471,485.25,8821585
13920905,479.88,480,471,474.51,5116493
13920906,476.04,482,470,474.64,5800892
13920909,470.93,475,467,471.31,4360379
13920910,473.36,495,473,494.21,27806088
13920911,494.85,510,486,497.28,8548281
13920912,497.28,499,476,486.28,3519095
13920913,475.92,484,471,474.38,3555738
13920916,473.61,480,470,472.84,5914888
13920917,473.48,482,470,475.4,10626668
13920918,484.87,492,476,483.46,6686806
13920919,497.66,508,493,506.49,9466381
13920920,531.69,532,518,531.44,56122849
13920923,531.44,558,531,551.01,36128613
13920924,578.52,579,576,578.52,31043531
13920925,606.41,607,550,588.37,52027957
13920926,575.7,581,559,564.06,21994426
13920927,556.51,578,549,556.13,28078149
13920930,560.86,576,549,564.45,14776666
13921001,575.7,576,557,563.68,13734179
13921003,571.74,592,563,590.54,39354085
13921004,616.64,620,604,619.59,39132021
13921007,626.88,627,601,611.78,20408168
13921008,603.85,605,595,600.4,15534867
13921009,605.13,612,591,601.55,11104250
13921011,595.28,600,586,594.38,9217634
13921014,594.89,595,573,581.59,22060899
13921015,588.37,588,573,577.37,9505165
13921016,584.53,604,585,598.35,10948666
13921017,601.16,601,576,582.61,7317599
13921018,588.24,588,557,570.33,8723241
13921021,570.59,571,557,562.14,9176967
13921022,557.79,569,534,539.11,9848393
13921023,562.91,566,561,565.85,3256977
13921024,575.7,587,557,567.13,7554019
13921025,573.78,574,544,559.2,1993602
13921028,587.09,587,567,583,8088737
13921030,578.26,588,554,567,3491076
13921101,581.72,587,553,569.82,2462888
13921102,559.58,571,544,551.27,3023315
13921105,559.07,569,559,563.04,661133
13921106,550.24,563,535,537.07,2497324
13921107,515.96,532,510,511.86,7380521
13921108,527.09,537,527,536.68,3478532
13921109,553.96,563,549,557.79,2665589
13921112,575.58,586,573,584.92,5570254
13921113,586.58,590,563,578.65,5409629
13921114,574.42,587,558,573.27,2255450
13921115,581.97,582,568,573.78,2711029
13921116,553.96,574,545,547.43,2608448
13921119,530.03,537,520,522.74,3630474
13921120,518.13,543,518,536.17,1312048
13921121,542.44,554,511,519.67,2573186
13921123,499.46,512,494,494.21,1838948
13921126,483.72,519,484,511.35,1945519
13921127,527.22,537,527,534.51,753329
13921128,561.12,561,525,559.71,4332519
13921129,555.23,565,541,551.65,3324017
13921130,550.24,574,550,564.57,2446008
13921203,562.91,585,558,575.96,4840612
13921204,563.17,574,552,561.89,1530643
13921205,550.24,550,537,545.51,2830702
13921206,537.45,542,527,532.97,2229028
13921207,528.5,550,522,535.15,1527686
13921210,547.3,552,537,545,911279
13921211,537.32,537,525,528.88,888677
13921212,525.43,525,509,513.02,1083207
13921213,523.25,530,512,525.55,1388510
13921214,533.36,548,526,537.58,2211680
13921217,537.32,544,519,526.58,1124223
13921218,523.25,523,512,514.68,1296010
13921219,514.55,515,510,511.86,1433349
13921220,511.74,518,505,509.56,1305696
13921221,501.5,535,502,523.51,1859634
13921224,533.61,541,525,529.9,3145160
13921225,532.85,548,522,536.43,4506408
13921226,543.72,555,532,547.17,3759304
13921227,543.72,549,533,540.01,1792464
13921228,531.05,543,531,536.56,1667214
13930105,532.33,543,525,533.87,713679
13930106,538.6,539,524,527.47,523538
13930109,524.91,525,520,521.2,457478
13930110,536.17,536,526,530.29,535183
13930111,534.13,536,519,525.17,3377097
13930116,524.53,533,512,522.23,1323156
13930117,520.69,522,512,516.98,1931549
13930118,511.74,518,502,510.2,3390037
13930119,502.91,521,503,508.79,1972524
13930120,511.74,512,500,504.44,952097
13930123,511.74,518,505,511.1,1475007
13930124,511.61,513,489,499.58,2819463
13930125,496.38,499,481,489.09,2920732
13930126,492.55,514,486,508.03,2921723
13930127,522.99,524,510,513.66,2124527
13930130,511.74,512,493,498.43,944216
13930131,511.99,518,505,511.48,1942556
13930201,510.59,537,509,527.73,7646797
13930202,537.32,553,519,536.68,3974066
13930203,533.23,537,522,534.51,3598053
13930206,535.15,561,535,557.03,8025285
13930207,561.63,562,540,552.68,5046219
13930208,547.17,557,531,547.94,3978155
13930209,551.14,551,525,540.39,2846924
13930210,528.24,548,528,540.91,1629054
13930213,539.88,544,532,536.04,1404608
13930214,537.2,540,522,532.08,2692953
13930215,537.2,544,521,535.79,1938655
13930216,537.2,539,530,535.15,1866178
13930217,543.34,543,528,532.46,2382943
13930220,536.04,536,525,531.69,2227040
13930221,525.94,533,525,529.78,1194698
13930222,530.93,531,514,522.99,2618377
13930224,518.13,527,516,523.25,2652794
13930227,515.57,518,500,510.71,2503754
13930228,511.74,522,507,514.55,2232392
13930229,506.88,514,505,509.82,2781035
13930230,510.46,514,507,510.97,2325249
13930231,518.01,521,510,516.47,5852870
13930303,521.97,523,507,511.61,1277203
13930304,505.72,512,502,509.82,2176405
13930305,505.21,513,502,507.64,1593981
13930307,507.9,508,495,501.5,1268907
13930310,498.94,500,493,498.3,1832054
13930311,497.66,498,473,479.75,4805126
13930312,483.59,494,476,487.05,1455729
13930313,482.7,503,483,495.74,1300706
13930317,503.93,504,493,494.85,830394
13930318,488.84,499,489,496.26,1523371
13930319,487.43,495,486,487.94,779625
13930320,486.15,499,482,492.8,1728263
13930321,486.15,488,474,479.75,1050671
13930324,473.61,474,456,456.98,1801328
13930325,443.93,455,435,439.58,1991922
13930326,447.77,461,448,459.54,1319087
13930327,461.84,468,445,455.32,280860
13930328,455.45,461,442,453.53,664044
13930331,450.33,461,444,454.04,1491360
13930401,455.45,458,442,449.82,816465
13930402,451.61,452,437,439.33,371600
13930403,436.77,439,418,422.69,1709722
13930404,419.37,428,402,407.73,2037301
13930407,407.73,408,387,390.07,1200633
13930408,382.27,382,371,371.52,897700
13930409,358.34,377,353,356.81,2587749
13930410,367.04,375,358,372.03,770980
13930411,390.58,391,391,390.58,105033
13930414,410.03,410,410,410.03,277246
13930415,430.5,430,403,422.18,5110329
13930416,409.39,430,402,417.32,1823274
13930417,411.95,438,412,436.51,2526427
13930418,435.1,439,422,430.37,1729904
13930421,428.45,434,411,423.08,1581536
13930422,411.31,422,402,403.89,2368963
13930423,386.36,424,386,416.94,4696199
13930431,430.5,441,418,421.93,1319631
13930501,422.18,422,409,420.78,1071302
13930504,418.34,418,401,417.19,928716
13930505,410.67,416,404,407.73,1693293
13930506,405.68,416,403,409.26,956929
13930511,408.24,415,390,399.92,917712
13930512,394.04,399,388,390.97,591277
13930513,393.65,401,391,394.29,759373
13930514,387.64,390,381,385.72,1861782
13930515,383.8,391,377,385.47,633762
13930518,389.05,394,384,390.2,440276
13930519,393.65,394,375,380.86,720320
13930520,383.93,391,384,389.69,614910
13930521,386.36,388,383,385.85,532108
13930522,377.92,389,378,383.55,750986
13930525,383.8,385,381,382.91,363052
13930526,377.41,384,377,383.29,816046
13930527,387.64,388,379,383.03,408460
13930528,383.8,389,377,383.67,1038461
13930529,382.65,393,383,388.02,646524
13930601,390.07,390,381,384.19,893202
13930602,383.8,384,377,378.94,498780
13930603,377.41,381,376,377.92,252455
13930604,372.67,378,373,376.64,841084
13930605,373.57,374,366,370.11,1464527
13930608,359.75,373,360,365.76,808190
13930609,364.61,370,360,365.25,1253658
13930610,368.45,368,358,360.65,491380
13930611,365.38,365,356,360.01,830828
13930612,358.22,362,353,355.91,1019318
13930615,357.96,374,358,372.67,5698636
13930616,367.17,377,358,368.19,965162
13930617,372.93,377,358,368.45,1326358
13930618,362.18,371,359,370.24,18631361
13930619,359.62,363,353,357.45,1775414
13930622,356.94,358,340,346.19,808497
13930623,347.85,348,334,338.77,731846
13930624,335.19,345,335,341.71,872022
13930625,336.59,337,331,334.29,1267691
13930626,334.29,339,326,328.28,1481366
13930629,328.28,336,328,331.73,443653
13930630,335.19,337,326,331.86,1612728
13930631,332.63,333,326,327.9,1337600
13930701,332.63,333,327,328.54,523091
13930702,332.5,339,329,332.88,1336909
13930705,333.91,334,323,326.36,426299
13930706,325.08,333,324,330.33,816674
13930707,330.33,347,330,344.27,4913274
13930708,350.03,359,340,349.39,1666105
13930709,349.13,349,339,342.61,563062
13930712,347.98,348,342,344.27,584815
13930714,342.86,344,336,340.69,515367
13930715,341.33,343,328,331.35,2307571
13930716,327.64,333,328,329.56,953693
13930719,332.37,336,328,333.01,1151846
13930720,336.59,340,333,334.16,839144
13930722,332.76,338,333,336.47,944428
13930723,335.32,335,333,334.04,990838
13930726,333.14,337,333,334.55,941541
13930727,333.91,351,334,349,2984628
13930728,366.15,366,357,366.28,8145118
13930729,369.73,381,366,372.42,2923366
13930730,364.61,365,354,358.86,2545431
13930803,350.67,361,347,354.51,1098318
13930804,348.49,357,348,353.99,888425
13930805,354.38,370,354,363.33,1240012
13930806,357.19,365,348,352.71,977634
13930807,347.98,361,346,357.32,1160817
13930810,358.22,375,358,373.06,6277216
13930811,377.79,392,366,386.75,6854596
13930814,383.93,394,384,389.18,2377927
13930817,394.8,395,371,377.79,3530290
13930818,372.29,375,370,372.42,857160
13930819,372.8,385,373,381.37,2188228
13930820,374.85,382,371,375.74,1434153
13930821,371.78,380,369,371.9,1199336
13930824,371.01,371,353,358.09,1573216
13930825,356.68,365,355,358.09,1917483
13930826,360.52,361,352,356.42,1669957
13930827,350.67,358,340,342.74,2401408
13930828,340.56,351,339,341.46,1203644
13930901,343.89,344,333,336.21,2493453
13930902,339.03,348,336,340.3,3082602
13930903,346.57,355,343,348.88,3477641
13930904,331.48,341,331,332.37,1895956
13930905,326.36,339,326,333.65,1633648
13930908,336.47,340,320,329.81,2101165
13930909,325.21,332,313,317.66,1716581
13930910,319.71,322,306,315.87,870905
13930911,318.3,320,302,306.02,1583658
13930912,304.48,310,300,303.59,1736601
13930915,305.25,313,294,300.65,1554474
13930916,296.81,301,286,289.9,2400668
13930917,291.69,300,285,292.84,3573814
13930918,300.65,301,292,295.78,1291641
13931003,280.05,280,262,285.42,1369816
13931006,268.92,274,260,264.18,4786829
13931007,264.95,274,265,269.43,2173189
13931008,276.21,276,265,268.53,1343346
13931009,264.18,265,258,261.24,1165062
13931010,257.66,258,251,253.82,873780
13931013,253.82,262,249,254.33,694600
13931014,253.57,254,244,246.91,1162847
13931015,243.07,243,240,241.41,1163813
13931016,240.52,241,233,236.55,1199475
13931017,229.77,234,226,229.13,966870
13931020,225.16,226,218,218.64,1255766
13931021,217.49,217,208,210.58,1857296
13931022,215.19,221,215,220.94,1828545
13931023,225.04,225,210,214.03,3206579
13931024,212.37,214,205,207.64,1950658
13931027,208.79,218,209,217.74,3529934
13931028,223.37,223,209,215.7,1061961
13931029,213.14,216,205,208.66,882593
13931030,198.3,205,198,198.81,4082816
13931101,197.02,197,189,190.88,1109504
13931104,191.9,196,186,191.26,654378
13931105,192.03,200,188,193.44,830489
13931106,192.67,193,189,191.01,550697
13931107,192.54,200,193,198.43,848920
13931108,202.14,208,202,207.89,4119644
13931111,212.24,218,212,218.13,1050907
13931112,229,229,225,227.98,4689055
13931113,231.43,238,219,226.83,1393423
13931114,219.15,230,219,224.14,1019741
13931115,226.57,235,227,232.58,2185615
13931118,227.72,244,225,241.16,2759414
13931119,250.37,250,231,238.73,2639706
13931120,233.86,237,227,228.49,813369
13931121,226.06,226,217,219.66,1491316
13931125,219.41,230,219,223.63,557584
13931126,222.48,222,215,217.62,848693
13931127,218.77,222,213,217.1,594537
13931128,217.49,217,209,213.27,1266725
13931129,214.29,215,205,208.02,1081632
13931202,205.97,211,202,204.82,2484264
13931203,199.58,201,195,196.25,7005763
13931224,187.42,195,187,188.83,4022911
13931225,193.18,198,190,194.84,4381661
13931226,198.43,199,193,196.38,1244995
13931227,194.59,206,195,205.33,2185557
13940105,209.68,216,209,214.55,1909399
13940108,216.21,222,209,216.59,1417958
13940109,222.61,225,217,220.56,2603886
13940110,211.73,222,210,211.73,4163531
13940111,206.61,214,205,208.4,762314
13940115,218.77,219,219,218.77,23916
13940116,229.64,230,230,229.64,352317
13940117,239.24,239,219,226.83,5721574
13940118,216.34,226,216,218.13,2179957
13940119,213.52,225,214,218.9,1235714
13940122,217.62,218,208,210.2,1584166
13940123,207.38,207,200,201.37,1583743
13940124,202.14,207,195,202.9,1938501
13940125,208.53,210,203,204.57,1185828
13940126,207.25,207,198,202.01,1538593
13940129,196.38,212,196,208.02,5065925
13940130,218.38,218,218,218.38,700128
13940131,229.26,229,225,229.13,26105323
13940201,230.28,237,220,226.57,4265863
13940202,222.48,225,217,220.69,3721396
13940205,223.88,232,224,231.43,17938261
13940206,239.24,243,235,242.69,15905379
13940207,244.99,252,233,244.99,11038697
13940208,244.35,256,241,247.55,5277101
13940209,248.32,249,237,242.95,2994101
13940213,245.25,245,231,233.35,3277948
13940214,229.64,234,222,222.09,3369366
13940215,213.14,224,211,215.44,3384297
13940216,211.09,226,211,222.09,1778305
13940219,233.1,233,217,226.57,3835827
13940220,221.33,222,215,217.62,2513906
13940221,216.21,225,215,221.71,1502053
13940222,224.78,227,220,224.01,1172820
13940223,220.05,226,218,220.43,1190367
13940227,223.88,224,210,212.75,1419694
13940228,212.88,222,213,218.26,955829
13940229,218.77,223,215,218.38,1007216
13940230,217.49,222,216,219.41,1051483
13940302,217.49,230,216,228.49,6786463
13940303,237.96,240,233,238.73,7691292
13940318,244.87,255,244,249.47,21791052
13940319,255.87,261,243,252.8,9266735
13940320,246.53,252,240,244.48,4194321
13940323,252.03,255,247,251.77,3952862
13940324,248.32,253,241,247.04,2807684
13940325,244.23,247,237,242.82,1646439
13940326,239.36,255,239,251.13,4970161
13940327,255.74,264,253,261.37,13550573
13940330,264.82,272,260,264.95,4935219
13940331,263.54,271,256,264.95,3395374
13940401,265.46,278,264,277.11,10503635
13940402,287.85,291,288,290.67,24869331
13940403,292.84,303,288,292.84,15503655
13940406,293.61,306,292,298.98,11890770
13940407,290.28,294,284,285.29,3724313
13940408,275.06,292,271,279.66,12011697
13940409,291.69,294,287,292.2,9906027
13940410,295.53,302,290,296.94,10364169
13940413,303.84,309,301,305.63,11072497
13940414,306.02,306,290,293.61,13204486
13940415,289.52,294,280,285.42,12262456
13940416,285.29,294,285,289.26,11136774
13940420,275.06,281,275,275.95,14040354
13940421,278.77,284,270,275.06,11489511
13940422,283.76,288,276,281.2,9761509
13940423,281.46,288,268,277.36,11788837
13940424,281.2,281,266,270.2,5301680
13940505,252.16,257,243,250.62,4287087
13940506,249.47,258,243,250.5,5123982
13940507,258.43,261,256,259.07,12210098
13940510,262.27,267,256,261.63,3031582
13940511,256.12,258,250,253.44,4417441
13940512,254.59,256,244,248.58,3592543
13940513,245.89,258,243,252.03,6545052
13940514,257.02,261,252,256.51,4377094
13940517,269.3,269,269,269.3,653041
13940518,282.73,283,280,282.73,73042681
13940519,284.01,287,278,282.48,15512508
13940521,277.75,281,276,277.75,6777234
13940524,276.47,276,264,268.41,7450180
13940525,271.86,279,268,270.71,3591744
13940526,274.67,275,265,268.41,2419099
13940527,264.82,267,260,262.27,3671786
13940528,263.93,268,260,263.29,3683619
13940531,266.1,266,253,256.64,3293882
13940601,254.59,256,248,250.24,4127102
13940602,253.95,261,250,257.53,4043179
13940603,258.3,258,246,249.09,5460238
13940604,248.32,253,244,246.53,2668171
13940607,248.19,256,248,252.16,1907742
13940608,249.73,250,246,247.42,2281142
13940609,249.86,250,246,246.91,1181683
13940610,248.06,253,246,249.86,1683604
13940611,249.47,252,246,248.32,2268222
13940614,252.93,261,253,259.19,4557775
13940615,261.24,264,255,257.02,3225105
13940618,236.17,241,231,236.17,8344047
13940621,235.4,241,224,228.75,11738687
13940622,222.48,224,217,218.13,5310355
13940623,213.65,214,207,208.53,6677067
13940624,201.5,215,199,206.1,9156987
13940625,214.93,216,212,215.82,2071771
13940628,220.69,221,211,215.7,6746344
13940629,215.95,217,205,206.36,5315970
13940630,204.69,207,196,200.47,2764869
13940631,204.31,210,204,209.17,2053882
13940701,213.27,218,212,214.93,2316726
13940704,216.21,216,205,207.51,1875634
13940705,205.97,208,198,202.52,6197734
13940706,202.26,211,202,206.87,1886571
13940707,206.1,212,206,208.28,2415571
13940708,210.96,212,207,209.17,2453582
13940711,210.2,214,205,208.28,3829850
13940712,208.28,219,205,215.57,5449644
13940713,219.02,225,219,221.58,3878106
13940714,221.84,224,216,219.41,2857747
13940715,224.52,227,220,224.01,4702721
13940718,227.59,230,225,226.83,3277584
13940719,227.21,228,223,224.14,2668134
13940720,223.76,231,223,228.49,1561722
13940721,230.28,237,227,233.22,2220677
13940722,238.21,245,237,241.03,4567406
13940725,240.52,247,236,240.64,7156952
13940726,240.52,243,229,234.12,6969024
13940727,233.74,241,230,235.14,5199559
13940728,236.17,237,226,231.05,2600925
13940729,224.52,233,222,227.72,2099028
13940803,221.45,221,216,216.72,1622476
13940804,211.09,221,207,215.19,4661608
13940805,219.15,226,219,225.29,3868098
13940806,227.21,230,224,227.72,2344584
13940809,230.28,232,223,227.59,2270546
13940810,228.87,238,226,234.25,8291949
13940811,232.84,241,232,238.21,5255219
13940812,238.21,247,238,243.59,6966601
13940813,242.44,256,239,250.5,10045921
13940816,258.56,263,252,258.56,13516222
13940817,257.15,261,247,252.29,9130495
13940818,251.9,265,247,261.24,16086509
13940819,267.64,274,266,270.58,12622873
13940820,268.53,269,257,259.45,14836635
13940823,262.27,266,252,259.71,6149703
13940824,259.19,271,259,267.89,11372549
13940825,269.43,272,260,265.08,7783375
13940826,264.7,265,253,256.12,6604015
13940827,258.43,265,255,260.47,4140585
13940830,260.99,273,261,271.48,17138464
13940901,273.91,279,273,275.83,9402130
13940902,276.85,277,266,269.3,6462847
13940903,268.53,269,261,263.42,4397291
13940904,260.99,261,256,257.4,6029621
13940907,254.59,261,254,259.19,4435686
13940908,262.27,265,258,258.68,2989180
13940909,258.43,261,256,258.43,1614979
13940910,259.71,260,255,256.25,3614792
13940914,257.79,262,257,259.96,2727086
13940915,257.66,258,249,252.8,4399635
13940916,252.16,253,247,249.09,3886330
13940917,251.9,254,247,251.01,2453260
13940918,252.93,261,251,256.12,3814967
13940922,261.11,261,254,256.38,1997973
13940923,259.45,264,258,262.01,2452469
13940924,262.27,266,259,263.42,3020129
13940925,263.54,265,254,257.66,3003555
13940928,259.07,259,245,247.42,4323798
13940929,247.17,251,240,245.25,4085544
13940930,249.6,252,247,250.24,2256613
13941001,247.55,263,246,256.12,5347946
13941002,268.92,269,262,268.41,33012351
13941005,266.74,275,262,269.17,13208280
13941006,271.86,280,272,275.95,6628222
13941007,273.91,277,269,271.99,5719329
13941009,268.66,276,266,269.94,7406872
13941012,269.94,270,261,263.67,5065008
13941013,260.99,272,260,265.85,6746644
13941014,264.82,272,265,267.51,4185523
13941015,260.99,271,256,264.06,16260616
13941016,268.66,270,260,263.16,12114732
13941019,263.42,263,256,258.04,8813397
13941020,258.43,262,253,256.25,7500547
13941021,258.43,262,252,256,12979022
13941022,253.44,256,246,249.09,17364931
13941023,246.91,256,244,249.86,13424966
13941026,255.61,256,244,247.68,17400633
13941027,249.47,249,235,239.24,24315052
13941028,232.97,237,227,230.28,18873981
13941029,232.2,239,228,232.2,17020932
13941030,227.72,244,222,237.57,18559092
13941103,247.94,249,241,247.55,19705828
13941104,249.47,260,248,257.15,26763801
13941105,267.25,270,262,269.05,39859198
13941106,263.67,272,256,262.27,43429891
13941107,255.87,261,249,251.13,21366916
13941110,252.16,260,246,253.18,8196841
13941111,251.77,252,242,243.84,14139144
13941112,246.91,256,244,250.11,22958788
13941113,262.52,263,256,262.52,54029536
13941114,275.57,276,276,275.57,10389202
13941117,289.26,289,289,289.26,820927
13941118,303.72,304,304,303.72,1564618
13941119,318.81,319,319,318.81,1881475
13941120,334.68,335,321,334.42,52738459
13941121,347.98,351,339,349.64,57271641
13941124,367.04,367,367,367.04,401575
13941125,385.34,385,385,385.34,14977147
13941126,404.53,405,394,402.99,155762410
13941127,411.82,423,404,418.86,90050264
13941128,415.91,427,404,414.25,44997262
13941201,417.07,435,400,425.38,53948801
13941202,424.74,447,407,434.85,38311558
13941203,456.47,456,442,455.06,61682934
13941204,456.21,471,435,454.17,48503638
13941205,450.33,458,436,445.59,22819493
13941219,342.86,343,315,328.92,75057357
13941226,312.54,313,313,312.54,1463477
13950107,296.94,328,297,313.57,33708168
13950108,327.51,329,317,327.51,23528952
13950109,332.63,339,322,333.4,17142740
13950110,326.23,331,317,318.04,17493967
13950111,316,333,311,325.72,26857608
13950114,332.12,341,326,335.06,18637940
13950115,335.32,337,320,326.74,13025003
13950116,340.94,343,336,342.86,75552788
13950117,345.42,350,331,338.64,26049791
13950118,336.47,354,331,345.29,53971431
13950121,345.42,362,343,358.09,54297072
13950122,362.05,370,349,357.7,35529419
13950123,354.25,354,340,344.53,19905859
13950124,337.75,344,327,333.27,25913149
13950125,320.86,325,317,318.43,9500705
13950128,309.6,316,303,305.63,7947781
13950129,290.41,303,290,293.86,48761924
13950130,308.45,308,308,308.45,3612825
13950131,323.8,324,310,322.65,40570081
13950201,331.48,339,327,335.57,40288367
13950204,336.34,340,324,330.84,12404982
13950205,319.96,339,320,328.54,18554260
13950206,339.03,345,336,344.02,37686390
13950207,345.17,361,338,358.6,73721764
13950208,364.61,369,349,360.77,46757531
13950211,358.22,364,343,354.63,27584132
13950212,346.83,354,337,339.15,30745412
13950213,338.77,356,329,353.99,63818471
13950214,358.6,365,352,357.7,25394675
13950215,357.96,360,348,354.12,11202384
13950218,351.82,360,340,347.34,17044481
13950219,341.58,349,336,340.94,12431429
13950220,340.69,347,333,339.54,8399740
13950221,343.89,356,326,346.83,44756692
13950222,364.1,364,349,361.54,132353476
13950225,377.41,380,376,379.32,81650926
13950226,398.26,398,388,397.36,153791361
13950227,387.64,402,378,389.82,71317068
13950228,383.93,409,384,402.61,125509368
13950229,402.86,411,392,403.25,40928333
13950301,403.5,415,399,406.83,20210871
13950303,402.99,412,400,406.32,24520330
13950304,406.83,407,391,397.11,19615286
13950305,392.76,402,381,389.3,26385606
13950308,382.52,403,383,395.19,22615665
13950309,396.6,406,387,394.17,12716862
13950310,399.15,412,391,402.61,37043211
13950311,402.99,405,391,395.32,10497790
13950312,391.86,398,390,394.04,12688139
13950316,402.99,407,397,401.2,16579541
13950317,396.6,400,386,391.61,20285409
13950318,388.41,402,386,393.27,31961740
13950319,390.58,394,382,384.95,18429832
13950322,383.8,384,366,368.45,16580782
13950323,356.94,359,350,351.82,47499748
13950324,356.81,361,339,349.77,17417828
13950329,345.29,352,334,340.18,11277903
13950330,338.9,343,323,330.58,8782078
13950331,317.66,322,314,315.23,35025960
13950401,314.21,331,307,322.27,23251354
13950402,330.97,338,326,336.34,9818337
13950405,332.63,338,320,322.65,16971117
13950406,313.44,339,312,330.45,31262335
13950408,346.96,347,345,346.96,6490954
13950409,348.24,363,336,351.44,35388367
13950412,351.69,362,342,350.03,13069035
13950413,345.42,356,342,348.24,10635615
13950414,344.14,357,340,348.36,15194202
13950415,353.1,358,346,352.33,11317876
13950419,349.26,349,335,337.87,8223166
13950420,330.07,336,321,325.21,17567984
13950421,317.28,324,309,314.85,22448688
13950422,313.31,325,307,314.46,16098324
13950423,314.08,319,306,314.85,10617933
13950426,313.31,326,313,320.99,9570251
13950427,321.24,328,313,320.35,15604523
13950428,316,317,308,309.73,12560321
13950504,325.34,330,312,320.6,15015817
13950505,317.02,320,312,316,7908826
13950506,314.59,325,313,317.92,11072378
13950510,319.58,320,310,314.33,7984556
13950511,313.44,318,308,312.42,7591439
13950512,314.46,328,313,322.65,23852395
13950513,322.39,332,317,321.5,14340186
13950516,319.71,337,315,330.97,45647479
13950517,337.75,345,330,336.85,14164141
13950518,331.22,334,322,328.54,10027786
13950519,326.23,341,326,336.08,15249461
13950520,340.43,345,336,339.92,10382540
13950523,334.8,341,329,334.93,11052779
13950524,340.3,342,330,334.68,8905363
13950525,329.81,339,328,334.8,12354320
13950526,330.97,344,330,338.9,25494035
13950527,339.28,339,328,334.8,15714430
13950530,330.71,335,325,330.07,8034435
13950531,325.21,334,321,326.49,20789910
13950601,326.23,331,322,326.36,8699177
13950602,324.06,329,321,323.42,3837303
13950603,320.73,325,319,320.48,6421171
13950606,336.47,336,334,336.47,37610404
13950607,340.3,343,328,336.08,19422685
13950608,327.64,333,328,330.33,6417214
13950609,330.07,330,320,325.46,4760037
13950610,322.52,325,316,318.94,7091202
13950613,317.92,326,314,319.84,4269997
13950614,319.84,320,313,314.59,5660738
13950615,314.21,319,313,315.23,5219588
13950616,316.89,324,316,318.04,9922375
13950617,319.71,323,314,317.02,7915212
13950620,313.69,315,310,311.26,6041822
13950621,310.88,313,308,310.24,7125979
13950623,309.09,312,298,303.08,12192585
13950624,301.92,317,299,311.65,14567013
13950627,318.56,327,317,323.16,18206655
13950628,329.56,336,327,330.97,14096453
13950629,330.84,336,326,330.2,10750102
13950631,333.91,347,331,342.48,60649576
13950703,341.71,354,338,344.14,23875167
13950704,338.13,343,333,337.62,15766937
13950705,336.59,344,336,339.54,11825536
13950706,342.22,345,338,340.94,13174418
13950707,342.86,355,339,348.75,21159296
13950710,356.94,361,348,353.48,13068934
13950711,351.69,352,344,347.34,10729110
13950712,349.13,352,343,346.19,13087483
13950713,345.42,349,339,344.65,13777850
13950714,345.17,345,337,338.9,10682087
13950717,336.59,351,336,345.17,15723285
13950718,346.7,354,346,351.31,12070713
13950719,352.59,363,349,357.7,19915759
13950724,364.36,364,351,356.68,10426190
13950725,354.12,357,345,347.09,9390411
13950726,349,358,347,352.07,13961177
13950727,354.38,358,351,353.61,5715503
13950728,357.96,358,349,352.71,7710776
13950801,351.82,352,342,345.81,11040265
13950802,345.42,358,343,352.59,16095672
13950803,355.4,355,347,352.07,7997255
13950804,351.82,370,352,368.19,35381353
13950805,382.4,384,372,378.05,60152214
13950808,383.16,391,375,383.55,26055632
13950809,377.28,377,366,370.88,15371969
13950810,367.17,372,363,365.64,15081992
13950811,364.74,376,365,368.45,10929534
13950812,369.73,371,362,367.43,12198948
13950815,373.44,379,365,371.27,19386026
13950816,365.89,370,353,356.3,21542289
13950817,349.13,357,347,352.59,12219054
13950818,353.48,363,353,358.22,11406902
13950819,341.71,351,340,342.86,24547174
13950822,351.82,359,349,353.35,19369783
13950823,350.92,358,349,350.92,8565864
13950824,350.41,353,347,350.16,9884573
13950825,355.78,365,352,357.32,21177529
13950826,364.61,372,360,364.48,21635202
13950829,356.94,359,353,355.27,9946533
13950901,357.45,357,349,352.84,6661333
13950902,356.17,368,353,359.24,11006063
13950903,364.48,364,355,359.62,8708871
13950906,359.5,363,356,359.5,6614120
13950907,361.93,362,355,356.42,3325951
13950909,355.66,356,349,351.69,8423401
13950913,349.26,349,335,340.56,10639583
13950914,349.26,352,343,346.06,11066533
13950915,339.03,346,335,339.41,9750906
13950916,340.94,345,336,339.92,7996090
13950917,340.05,343,338,339.28,7993748
13950920,341.46,347,336,339.92,8492579
13950921,342.86,343,333,335.83,4744851
13950922,337.75,338,328,333.27,7501811
13950923,331.48,333,321,326.36,7383323
13950924,325.72,343,324,337.49,25827975
13950928,345.93,352,342,345.81,13039764
13950929,345.04,348,336,341.33,6424139
13950930,339.03,340,329,332.5,6518037
13951001,332.63,347,333,340.82,6267270
13951004,343.5,348,334,342.61,5277607
13951005,339.03,344,335,338.77,7819390
13951006,344.14,345,335,339.92,5288837
13951007,338,340,329,332.76,5629839
13951008,339.15,345,339,342.99,10482951
13951011,344.14,347,340,343.25,5499665
13951012,340.3,342,336,338.39,3154420
13951013,336.59,342,333,334.93,5340247
13951014,340.3,342,333,337.23,4821743
13951015,336.47,343,335,339.03,9454316
13951018,340.56,345,340,342.74,11356300
13951019,344.91,360,342,355.53,21424344
13951020,358.22,363,352,357.45,12045592
13951022,357.45,357,347,351.31,7816806
13960126,466.66,513,459,475.83,573584004
13960127,467.2,467,452,454.79,61597201
13960128,432.13,472,432,450.47,340623482
13960129,463.96,472,453,465.58,152442714
13960130,469.36,469,447,453.17,130770151
13960202,453.17,462,445,451.01,112438121
13960203,448.86,449,434,436.99,101303547
13960204,440.22,447,433,441.3,44972690
13960206,443.46,443,433,435.37,66364869
13960209,436.99,437,424,429.43,86381496
13960210,431.05,450,425,444.54,62376274
13960211,460.19,464,445,454.25,79413650
13960212,451.55,452,434,439.68,55766294
13960213,442.38,448,432,436.45,45820412
13960216,444,446,434,439.68,51622027
13960217,446.7,453,437,444.54,50460825
13960218,445.08,445,435,438.61,40296626
13960219,437.53,445,432,435.91,48911278
13960220,442.38,446,438,440.76,36187374
13960223,441.3,442,432,435.37,42110841
13960224,436.45,438,427,430.51,35889883
13960225,431.05,433,426,428.9,26371879
13960226,431.05,437,428,431.59,28363379
13960227,432.67,434,429,431.05,38043355
13960230,437.53,443,432,435.91,41168350
13960231,435.37,435,428,429.97,31985042
13960301,431.59,447,430,439.15,48360105
13960302,439.68,440,434,435.37,23536746
13960303,435.91,443,435,439.68,38071426
13960306,441.3,442,434,437.53,36687312
13960307,434.29,439,426,431.05,46586392
13960308,429.43,434,426,428.9,23255478
13960309,429.43,431,419,421.88,40164523
13960310,426.74,430,419,421.88,30641650
13960313,421.88,424,412,414.87,37471692
13960316,415.95,416,402,406.78,44023488
13960317,399.22,407,387,392.21,76674854
13960320,399.22,400,388,393.83,23172981
13960321,390.59,391,376,380.88,37961428
13960322,382.5,382,370,373.87,26228674
13960323,372.25,392,365,381.96,52272177
13960324,396.53,401,390,398.68,26625118
13960327,413.79,414,399,405.7,35170751
13960328,401.38,401,386,389.51,19602800
13960329,387.89,388,378,381.42,15590305
13960330,378.72,393,378,382.5,16391645
13960331,386.81,387,380,381.96,22412152
13960403,378.72,392,379,385.74,23809648
13960404,386.81,393,385,387.35,23129859
13960407,386.28,391,378,384.12,24433105
13960410,380.88,387,378,381.42,15661215
13960411,380.34,381,371,373.87,21705474
13960412,376.03,392,368,381.96,41783637
13960413,383.04,384,373,376.03,20344812
13960414,376.03,381,372,377.1,25656175
13960417,377.64,378,370,373.33,23945748
13960418,370.63,378,370,372.25,28299890
13960419,377.64,391,378,388.97,90623663
13960420,395.45,400,384,390.05,26317311
13960421,387.89,405,388,399.76,92549507
13960424,405.7,415,406,411.63,75921183
13960425,415.41,423,410,415.41,132199041
13960510,436.99,437,416,425.66,115443940
13960511,417.57,429,413,422.96,66146583
13960515,422.96,429,416,419.72,24420335
13960516,418.11,419,405,410.01,46704434
13960517,419.18,431,412,426.2,68674503
13960518,438.07,443,432,437.53,55873905
13960521,433.75,442,426,433.21,42768861
13960522,427.82,435,422,427.82,22553879
13960523,426.2,431,421,426.74,26035259
13960524,422.42,432,422,428.36,36347309
13960525,426.74,440,424,434.29,52456539
13960528,438.07,447,435,442.92,47966010
13960529,442.92,448,436,441.3,34313335
13960530,442.38,454,442,451.01,48397702
13960531,453.17,458,445,449.4,34111708
13960601,447.78,452,445,449.4,57104304
13960604,452.63,458,449,453.71,43990692
13960605,454.79,456,448,450.47,34532536
13960606,450.47,473,447,462.34,116621066
13960607,475.83,485,474,482.84,96947889
13960608,501.73,507,490,501.73,204196613
13960611,488.24,518,488,502.81,55164329
13960612,500.65,506,488,491.48,46109233
13960613,488.24,491,476,484.46,39751759
13960614,485.54,500,473,485.54,69255535
13960615,480.15,483,468,472.59,30456181
13960619,463.96,475,454,463.42,44792649
13960620,453.71,463,450,456.95,23390394
13960621,458.57,478,454,468.82,46498618
13960622,479.61,490,478,481.77,39887815
13960625,485.54,487,475,481.77,23357793
13960626,477.45,486,477,481.23,29749413
13960627,482.84,496,481,491.48,32459466
13960628,493.63,511,494,503.34,51969358
13960629,501.73,502,486,492.02,23373182
13960705,504.96,509,494,502.81,54990958
13960710,490.4,490,478,480.15,87064304
13960711,468.82,473,456,460.73,49391784
13960712,459.65,475,460,467.74,22953663
13960715,467.74,468,445,447.78,45950395
13960716,445.08,445,426,427.82,60093715
13960717,431.59,446,425,434.29,33751536
13960718,434.83,441,431,434.29,16005474
13960719,431.05,437,424,431.05,21871324
13960722,436.99,448,431,435.91,75769947
13960723,432.67,437,426,428.9,37220358
13960724,426.74,440,427,432.67,23347008
13960725,431.05,436,429,431.59,31299096
13960726,435.37,443,432,436.99,38925304
13960729,444.54,459,445,456.95,93085669
13960730,463.42,474,454,462.34,44805113
13960801,461.26,463,447,452.63,32773258
13960802,455.33,455,447,449.94,18312780
13960803,447.24,458,447,451.01,23087897
13960806,449.4,453,439,442.92,30637363
13960807,443.46,445,432,435.91,37296446
13960808,428.9,434,424,428.9,42860546
13960809,434.29,445,432,437.53,33384787
13960810,437.53,442,431,433.75,30736823
13960813,428.9,432,422,427.82,59446189
13960814,431.59,433,425,428.36,85987266
13960815,427.82,431,424,425.66,28005007
13960816,424.04,425,416,419.72,36057566
13960817,421.34,428,414,419.72,25292458
13960820,425.66,429,420,423.5,24458505
13960821,425.12,428,418,420.8,20887745
13960822,419.18,427,419,422.42,22325392
13960823,426.2,428,420,422.42,15573148
13960824,420.8,424,419,420.8,18646830
13960827,423.5,424,413,416.49,23838449
13960829,419.18,424,413,417.57,20112350
13960830,415.41,421,412,414.33,28165401
13960901,411.63,429,412,420.8,34386568
13960904,427.28,442,427,439.68,89986702
13960905,445.08,455,438,443.46,37915150
13960907,432.67,445,429,434.29,43768829
13960908,429.97,436,426,428.36,22969307
13960911,427.28,436,425,428.36,27248738
13960912,433.75,442,426,431.59,28570589
13960913,426.74,432,425,426.74,19954741
13960914,424.58,432,424,426.74,25210033
13960918,428.9,430,421,424.58,25985225
13960919,424.04,429,421,422.96,23034855
13960920,426.2,444,422,441.84,222689205
13960921,463.42,463,463,463.42,8644348
13960922,486.08,486,466,481.77,460750068
13960925,490.94,493,475,482.3,98182210
13960926,481.23,504,481,492.56,103780552
13960927,492.56,517,493,508.2,161861470
13960928,523.31,530,510,521.15,114686578
13960929,518.99,524,506,514.13,95349550
13961002,523.31,523,489,499.03,163975253
13961003,484.46,485,474,476.91,84392877
13961004,465.04,488,465,475.29,92171126
13961005,475.83,481,458,463.42,68587260
13961006,463.96,464,455,458.57,48138975
13961009,447.78,448,436,439.68,87084516
13961010,431.59,436,418,422.96,139126060
13961011,427.82,444,427,439.68,23514532
13961012,454.25,461,448,456.95,131462184
13961013,458.03,458,441,447.24,36693575
13961016,445.08,457,445,449.94,17976077
13961017,453.17,472,451,470.98,135215311
13961018,480.15,487,470,477.45,76116882
13961019,466.66,474,459,461.8,38752476
13961020,458.57,481,453,469.36,53710431
13961023,469.36,484,464,471.51,32792384
13961024,469.36,471,460,463.42,31409066
13961025,462.88,470,454,460.19,33167868
13961026,462.88,463,447,451.55,37223533
13961027,459.65,468,453,456.95,45404494
13961030,461.26,461,446,448.32,42601876
13961101,444,457,440,447.78,29153177
13961102,447.78,465,448,456.95,31094216
13961103,454.79,463,450,454.25,20883211
13961104,454.25,454,448,449.4,33268477
13961107,452.09,452,443,445.08,27801764
13961108,450.47,450,443,446.16,21148428
13961109,447.78,453,445,447.78,29553941
13961110,448.86,456,446,448.32,20760117
13961121,463.42,465,444,460.73,24650102
13961123,462.34,463,453,457.49,37995165
13961124,459.11,477,456,465.04,47767559
13961125,470.44,474,454,461.26,49509493
13961128,463.42,484,453,481.23,263729650
13961129,485.54,486,463,469.9,60879708
13961130,465.58,466,454,458.57,28277404
13961202,453.17,453,447,449.94,39304056
13961205,454.79,470,449,459.65,33467304
13961206,459.11,463,456,458.57,20174322
13961207,455.33,461,453,454.79,23066823
13961208,455.87,460,454,456.41,26803740
13961209,456.41,459,451,453.17,40936922
13961212,453.17,455,445,447.24,44085933
13961213,445.62,460,446,454.25,26356917
13961214,452.63,460,449,453.71,25788035
13961215,453.17,474,453,463.96,80311216
13961216,473.67,475,456,467.74,75382503
13961219,457.49,463,447,451.01,33635527
13961220,452.09,452,439,443.46,38335119
13961221,440.22,448,440,445.08,15472714
13961222,441.3,448,435,439.15,31046807
13961223,439.68,442,437,438.61,23873121
13961226,435.91,447,435,438.61,25113940
13961227,436.99,447,437,445.08,73609145
13961228,445.08,457,445,453.17,15860386
13970105,451.55,455,448,451.55,5837478
13970106,448.86,452,445,449.4,14106556
13970107,447.78,453,445,447.24,9313941
13970108,445.08,454,445,448.86,12293402
13970114,458.57,471,459,465.58,34709978
13970115,463.96,464,456,459.11,11929407
13970118,460.73,461,446,448.86,13134057
13970119,442.92,452,437,440.76,35401278
13970120,437.53,447,438,444,35719841
13970121,443.46,444,438,439.68,21208380
13970122,438.61,445,422,427.82,89727405
13970126,425.66,434,407,410.55,99669287
13970127,404.62,416,398,410.55,23648235
13970128,407.32,417,399,404.08,31216403
13970129,405.7,411,401,402.46,68261062
13970201,401.92,410,397,401.92,33553554
13970202,398.14,402,387,392.21,32437622
13970203,388.43,394,384,386.81,37056175
13970204,390.05,406,387,401.92,41439376
13970205,405.16,410,399,403.54,20033847
13970208,392.21,396,384,385.74,47112613
13970209,378.72,388,372,379.8,29525254
13970210,371.17,382,371,376.03,27699024
13970211,376.03,388,373,381.42,19172409
13970215,380.34,387,376,378.72,16920577
13970216,382.5,391,373,381.96,30339726
13970217,378.72,394,379,390.05,22110058
13970218,393.83,401,388,393.29,22549716
13970219,392.75,393,374,385.2,64427325
13970222,378.72,391,379,386.28,22846528
13970223,388.97,405,388,403.54,57054541
13970224,408.93,424,409,420.8,82445489
13970225,422.96,433,410,420.8,39056036
13970226,407.85,416,408,411.63,31146788
13970229,410.01,426,409,418.64,34218258
13970230,421.88,429,416,422.96,40001652
13970231,425.12,425,413,417.57,21648759
13970301,412.17,420,407,411.09,28523980
13970302,412.71,432,413,429.97,63857163
13970305,451.01,451,451,451.01,22247260
13970306,458.03,469,450,457.49,148851975
13970307,453.17,454,438,442.38,49621998
13970308,436.99,453,435,443.46,13928042
13970309,460.19,480,453,461.26,64647803
13970312,454.79,472,454,461.26,46720049
13970313,454.79,459,450,454.79,27210142
13970319,451.55,459,438,443.46,26946321
13970320,442.38,466,439,458.03,341248879
13970321,470.44,481,468,478.53,280469356
13970322,495.79,502,487,499.57,196623426
13970323,524.38,550,524,543.27,30768075
13970327,570.24,570,570,570.24,136360041
13970328,598.3,598,573,594.52,535811916
13970329,583.73,624,572,608.01,189704566
13970330,638.22,638,638,638.22,22593705
13970402,670.05,670,670,670.05,7584103
13970403,703.5,739,703,736.4,15094736
13970404,773.09,773,761,773.09,574545854
13970405,754.75,769,735,740.18,405199357
13970406,703.5,723,668,679.22,387411287
13970409,712.67,713,691,708.89,286144749
13970410,696.48,697,674,675.44,142379039
13970411,674.36,707,643,674.9,205774402
13970412,693.25,708,688,706.19,171317925
13970413,728.85,741,691,719.68,197152408
13970416,695.94,719,684,691.09,152784831
13970417,675.44,695,675,686.23,49281732
13970419,674.9,712,674,687.31,60546041
13970420,677.06,695,653,665.73,140284393
13970502,647.93,672,636,645.23,62740295
13970503,655.48,688,639,665.73,97354908
13970506,698.64,699,699,698.64,12303960
13970507,733.17,733,713,731.55,263820087
13970508,752.05,768,744,762.3,90657501
13970509,800.06,800,800,800.06,1790240
13970510,839.99,882,798,823.26,354953613
13970513,803.84,847,783,811.93,178710274
13970514,836.21,852,828,851.32,296942195
13970515,893.4,893,890,893.4,211243246
13970516,900.95,938,889,925.23,403518816
13970517,944.11,966,897,936.56,206162262
13970520,964.61,983,951,974.86,110750314
13970521,984.03,1020,935,975.4,168560730
13970522,959.75,960,927,928.46,169195229
13970523,900.95,968,894,928.46,262984858
13970524,917.67,935,901,910.12,90500232
13970527,900.95,909,870,886.92,125814173
13970528,927.92,931,912,930.62,173980189
13970529,965.69,977,955,971.62,138640294
13970530,971.62,1004,933,979.72,143090350
13970603,992.12,1017,959,977.56,88109954
13970604,962.45,1025,939,996.44,153936634
13970605,1024.49,1046,1020,1042.3,148477344
13970606,1068.19,1078,991,1032.59,199643971
13970607,1046.61,1064,1025,1046.07,83258893
13970610,1030.43,1055,1003,1021.8,83511373
13970611,1003.99,1009,971,974.86,120625998
13970612,981.87,1023,961,1007.23,112132575
13970613,1041.22,1057,1026,1046.61,95953414
13970614,1052.01,1054,1022,1036.9,80737308
13970617,1052.01,1089,1044,1080.06,107292688
13970618,1134.01,1134,1128,1134.01,34682285
13970619,1190.66,1191,1176,1190.66,76919068
13970620,1250,1250,1199,1237.59,166669441
13970621,1299.09,1364,1299,1363.29,39638814
13970624,1431.27,1431,1312,1386.49,239880651
13970625,1354.12,1381,1317,1342.79,163197500
13970626,1401.06,1409,1343,1384.87,182774412
13970627,1374.08,1392,1323,1355.2,109734780
13970631,1375.7,1419,1370,1395.66,96652302
13970701,1413.47,1465,1413,1460.94,68138908
13970702,1533.77,1534,1534,1533.77,37935833
13970703,1610.38,1610,1610,1610.38,22150017
13970704,1690.76,1691,1691,1690.76,8961083
13970707,1774.92,1863,1775,1855.85,224306199
13970708,1948.64,1949,1949,1948.64,41402282
13970709,2045.75,2046,2046,2045.75,6950834
13970714,2147.71,2148,2040,2095.92,72851064
13970715,1991.26,1991,1991,1991.26,44613632
13970716,1891.99,1892,1892,1891.99,13858218
13970717,1797.58,1952,1798,1830.49,550695159
13970718,1739.32,1775,1739,1740.4,86677768
13970721,1653.54,1654,1654,1653.54,1808016
13970722,1571,1571,1493,1494.39,442664807
13970723,1537.55,1569,1521,1563.98,185562457
13970724,1617.39,1618,1486,1555.35,202330861
13970725,1477.67,1502,1478,1479.82,185289021
13970728,1510.57,1554,1511,1545.1,118099958
13970729,1596.89,1597,1548,1564.52,107275040
13970730,1548.34,1548,1486,1492.23,119898436
13970801,1505.18,1505,1418,1431.81,43105749
13970802,1360.6,1361,1361,1360.6,11628668
13970805,1292.62,1293,1293,1292.62,15833748
13970806,1228.42,1228,1228,1228.42,4749892
13970807,1289.38,1351,1227,1291.54,161897311
13970809,1342.79,1356,1292,1341.71,84173440
13970812,1375.7,1408,1333,1370.31,84836153
13970813,1359.52,1397,1302,1318.52,101763615
13970814,1301.79,1380,1284,1347.11,68609308
13970815,1348.73,1414,1349,1412.39,161712364
13970819,1457.16,1483,1426,1470.65,125489306
13970820,1532.15,1544,1505,1540.79,160214447
13970821,1616.31,1616,1591,1614.7,17618250
13970822,1695.08,1753,1610,1667.57,166174232
13970823,1584.48,1584,1584,1584.48,35012347
13970826,1505.72,1548,1506,1510.57,149422088
13970827,1510.57,1553,1435,1451.23,164108483
13970828,1450.15,1490,1403,1459.86,73132915
13970829,1446.91,1500,1419,1450.69,133690747
13970911,1638,1639,1557,1579,276890461
13970912,1638,1657,1611,1654,153175000
13970913,1736,1736,1660,1724,218034863
13970914,1781,1810,1748,1802,191478485
13970917,1885,1892,1825,1884,83909648
13970918,1978,1978,1820,1909,331034933
13970919,1983,2082,1956,2035,255638040
13970921,2070,2136,2001,2091,314892645
13970924,2092,2145,1987,2032,213913381
13970925,1950,2030,1931,1954,100775878
13970926,1857,1927,1857,1865,302047730
13970927,1855,1935,1801,1903,181773107
13970928,1934,1934,1830,1868,110068553
13971001,1860,1898,1785,1834,99679716
13971002,1830,1909,1785,1879,117041114
13971003,1900,1945,1880,1916,71058515
13971004,1950,1953,1890,1911,67864021
13971005,1920,1920,1856,1881,88768208
13971008,1895,1898,1830,1858,76250197
13971009,1835,1888,1795,1844,76128643
13971010,1901,1901,1847,1874,60828564
13971011,1856,1856,1799,1813,106846429
13971012,1790,1795,1723,1736,146432861
13971015,1680,1731,1650,1660,116289989
13971016,1632,1743,1590,1708,182413126
13971017,1750,1790,1725,1764,92738896
13971018,1770,1770,1693,1715,75405584
13971019,1778,1866,1690,1747,79577230
13971022,1706,1706,1660,1666,172881087
13971023,1621,1661,1591,1614,143334982
13971024,1620,1645,1575,1595,109869919
13971025,1580,1622,1550,1577,125967848
13971026,1590,1619,1585,1596,66545717
13971029,1612,1612,1556,1569,67675669
13971030,1560,1560,1501,1516,99410646
13971101,1591,1591,1510,1579,203193863
13971102,1599,1620,1551,1580,82562885
13971103,1559,1561,1520,1533,67632310
13971106,1530,1530,1457,1468,144011197
13971107,1452,1509,1443,1468,84698709
13971108,1460,1469,1402,1416,90540518
13971109,1420,1489,1353,1429,317461808
13971110,1441,1441,1369,1387,191121766
13971113,1350,1357,1318,1326,93095235
13971114,1290,1310,1260,1271,269460487
13971115,1292,1334,1292,1325,85786971
13971116,1391,1391,1354,1387,245735040
13971117,1430,1449,1385,1416,217326972
13971121,1380,1380,1346,1355,140337882
13971123,1325,1345,1289,1303,127297929
13971124,1300,1368,1300,1355,216305953
13971127,1375,1418,1370,1396,120587927
13971128,1370,1389,1330,1343,102257259
13971129,1390,1440,1351,1373,70507459
13971130,1376,1413,1353,1387,110738188
13971201,1394,1456,1382,1448,237525400
13971204,1498,1520,1480,1517,272850005
13971205,1550,1562,1491,1526,206910876
13971206,1505,1592,1488,1548,240205411
13971207,1520,1555,1478,1509,174467865
13971208,1520,1534,1475,1495,143447231
13971211,1484,1484,1431,1449,125085965
13971212,1440,1484,1396,1429,198487782
13971213,1472,1488,1450,1475,125509004
13971214,1480,1487,1425,1441,78919623
13971215,1420,1448,1404,1418,95843122
13971218,1406,1418,1375,1385,102666771
13971219,1370,1548,1370,1457,163153743
13971220,1447,1504,1435,1479,207498599
13971221,1455,1472,1427,1443,96559874
13971222,1480,1499,1426,1450,129386763
13971225,1430,1465,1408,1432,116501824
13971226,1446,1477,1421,1437,76091971
13971227,1440,1459,1437,1446,78934216
13971228,1450,1480,1450,1465,137639324
13980105,1475,1477,1440,1449,63561126
13980106,1450,1469,1431,1452,101521005
13980107,1469,1524,1468,1518,235350064
13980110,1560,1593,1540,1589,237725261
13980111,1630,1645,1531,1584,229097328
13980117,1591,1625,1548,1601,146915872
13980118,1640,1681,1621,1670,349939681
13980119,1640,1738,1619,1691,341774293
13980120,1699,1739,1652,1690,232791906
13980121,1718,1772,1689,1748,260484062
13980124,1774,1800,1687,1727,224141710
13980125,1676,1719,1649,1682,187840409
13980126,1705,1759,1705,1727,184042441
13980127,1716,1722,1641,1669,199431015
13980128,1610,1645,1586,1610,188612009
13980131,1625,1685,1625,1660,180823366
13980202,1710,1710,1601,1643,177492583
13980203,1606,1635,1582,1604,132619187
13980204,1600,1636,1581,1599,158783826
13980207,1616,1644,1601,1616,158753277
13980208,1627,1675,1627,1655,191717384
13980209,1689,1770,1689,1715,179365420
13980210,1770,1770,1646,1706,221924251
13980211,1670,1699,1649,1677,203414932
13980214,1659,1760,1659,1747,452145051
13980215,1808,1834,1750,1822,617411040
13980216,1890,1913,1780,1883,1013887239
13980217,1895,1920,1789,1801,535396810
13980218,1800,1885,1780,1834,395167702
13980221,1785,1833,1743,1782,337783280
13980222,1723,1748,1693,1698,369716505
13980223,1710,1770,1680,1728,184637901
13980224,1751,1789,1725,1749,228450848
13980225,1762,1775,1681,1730,186002489
13980228,1721,1790,1716,1763,205286855
13980229,1759,1841,1734,1806,302476977
13980230,1830,1830,1753,1783,154781329
13980231,1768,1810,1768,1788,130861242
