DATE,OPEN,HIGH,LOW,LAST,CLOSE,VOL
20120208,1304.00,1304.00,1304.00,1304.00,1304.00,248387500
20120212,1369.00,1369.00,1320.00,1369.00,1365.00,75848282
20120213,1379.00,1397.00,1301.00,1311.00,1350.00,23435322
20120214,1320.00,1324.00,1293.00,1317.00,1304.00,12352753
20120215,1311.00,1324.00,1282.00,1290.00,1301.00,9402675
20120218,1290.00,1323.00,1290.00,1300.00,1306.00,10763775
20120219,1300.00,1313.00,1268.00,1280.00,1295.00,8287222
20120220,1251.00,1270.00,1235.00,1240.00,1249.00,7255902
20120318,1450.00,1549.00,1402.00,1505.00,1478.00,50477765
20120324,1551.00,1551.00,1551.00,1551.00,1551.00,780221
20120325,1628.00,1628.00,1628.00,1628.00,1628.00,1107443
20120326,1683.00,1709.00,1580.00,1709.00,1676.00,35810039
20120327,1750.00,1759.00,1740.00,1759.00,1757.00,6474176
20120328,1844.00,1844.00,1844.00,1844.00,1844.00,468277
20120402,1899.00,1925.00,1822.00,1851.00,1881.00,44896673
20120403,1821.00,1830.00,1787.00,1787.00,1796.00,12919026
20120404,1752.00,1810.00,1748.00,1784.00,1782.00,12630819
20120407,1770.00,1868.00,1770.00,1852.00,1848.00,11614226
20120408,1900.00,1940.00,1850.00,1880.00,1930.00,22050791
20120409,1931.00,1965.00,1900.00,1905.00,1922.00,6497534
20120410,1970.00,2018.00,1968.00,2005.00,1995.00,15758626
20120411,2000.00,2094.00,1990.00,2094.00,2064.00,11247915
20120414,2150.00,2167.00,2107.00,2167.00,2163.00,42588864
20120415,2271.00,2271.00,2250.00,2271.00,2271.00,54534304
20120416,2285.00,2300.00,2158.00,2170.00,2199.00,25315913
20120417,2200.00,2230.00,2100.00,2192.00,2168.00,12988892
20120418,2195.00,2276.00,2195.00,2276.00,2265.00,26599215
20120421,2300.00,2330.00,2183.00,2200.00,2229.00,6825525
20120422,2189.00,2200.00,2150.00,2164.00,2169.00,4886382
20120423,2160.00,2160.00,2061.00,2089.00,2079.00,14799724
20120424,2030.00,2160.00,2001.00,2085.00,2094.00,6179016
20120428,2090.00,2090.00,1990.00,1990.00,2005.00,12686141
20120429,1957.00,1989.00,1905.00,1905.00,1908.00,6441177
20120430,1901.00,1957.00,1880.00,1932.00,1922.00,8112389
20120501,1940.00,1962.00,1881.00,1890.00,1907.00,4328093
20120502,1880.00,1900.00,1850.00,1889.00,1870.00,2869438
20120505,1890.00,1899.00,1820.00,1835.00,1849.00,3383765
20120506,1842.00,1929.00,1841.00,1909.00,1873.00,3594916
20120507,1900.00,1925.00,1860.00,1880.00,1890.00,2785501
20120508,1899.00,1899.00,1860.00,1860.00,1874.00,1648458
20120509,1856.00,1889.00,1821.00,1858.00,1846.00,4350120
20120512,1860.00,1860.00,1754.00,1754.00,1767.00,8680780
20120513,1742.00,1822.00,1701.00,1800.00,1781.00,3181276
20120514,1800.00,1870.00,1800.00,1870.00,1867.00,6715011
20120515,1928.00,1928.00,1861.00,1861.00,1895.00,4007663
20120516,1895.00,1895.00,1827.00,1840.00,1848.00,1971969
20120519,1850.00,1850.00,1790.00,1827.00,1817.00,1047287
20120520,1837.00,1899.00,1822.00,1865.00,1861.00,2077283
20120526,1700.00,1763.00,1652.00,1745.00,1716.00,8305595
20120527,1750.00,1785.00,1725.00,1774.00,1751.00,2051791
20120528,1775.00,1788.00,1720.00,1738.00,1739.00,1360503
20120529,1738.00,1754.00,1715.00,1724.00,1725.00,1528862
20120530,1727.00,1800.00,1713.00,1780.00,1755.00,2624847
20120602,1794.00,1842.00,1760.00,1761.00,1836.00,13753380
20120605,1745.00,1745.00,1745.00,1745.00,1745.00,142509
20120606,1658.00,1693.00,1658.00,1658.00,1658.00,10723379
20120609,1639.00,1639.00,1576.00,1576.00,1586.00,4440448
20120610,1540.00,1580.00,1508.00,1560.00,1537.00,5034242
20120611,1597.00,1613.00,1558.00,1580.00,1592.00,11908534
20120612,1596.00,1596.00,1525.00,1529.00,1550.00,3148642
20120613,1539.00,1573.00,1510.00,1539.00,1534.00,2422747
20120616,1549.00,1565.00,1511.00,1513.00,1533.00,2230973
20120617,1517.00,1550.00,1490.00,1550.00,1509.00,2870569
20120619,1550.00,1550.00,1500.00,1541.00,1530.00,806484
20120620,1553.00,1553.00,1493.00,1493.00,1513.00,1370701
20120623,1500.00,1500.00,1438.00,1438.00,1439.00,6791255
20120624,1401.00,1476.00,1395.00,1404.00,1416.00,3251883
20120625,1402.00,1420.00,1390.00,1390.00,1404.00,1850061
20120626,1400.00,1400.00,1334.00,1334.00,1349.00,1962588
20120627,1285.00,1330.00,1282.00,1320.00,1292.00,7333720
20120630,1356.00,1356.00,1356.00,1356.00,1356.00,1112768
20120701,1419.00,1423.00,1380.00,1423.00,1416.00,2970200
20120702,1486.00,1486.00,1486.00,1486.00,1486.00,124304
20120703,1560.00,1560.00,1500.00,1530.00,1552.00,9107701
20120704,1521.00,1560.00,1480.00,1530.00,1523.00,3165647
20120707,1517.00,1530.00,1468.00,1468.00,1500.00,1985973
20120708,1461.00,1495.00,1425.00,1425.00,1441.00,2816471
20120709,1390.00,1400.00,1369.00,1395.00,1376.00,5529253
20120710,1399.00,1444.00,1395.00,1444.00,1443.00,8594351
20120711,1461.00,1515.00,1461.00,1494.00,1504.00,4854986
20120714,1516.00,1544.00,1430.00,1444.00,1469.00,2908114
20120715,1460.00,1480.00,1396.00,1400.00,1426.00,7468150
20120716,1400.00,1422.00,1355.00,1355.00,1359.00,6240185
20120728,1400.00,1400.00,1280.00,1290.00,1314.00,6183980
20120729,1290.00,1324.00,1251.00,1269.00,1264.00,1963529
20120730,1298.00,1327.00,1270.00,1327.00,1319.00,6205164
20120731,1384.00,1384.00,1384.00,1384.00,1384.00,2058534
20120801,1453.00,1453.00,1370.00,1370.00,1418.00,8136518
20120804,1360.00,1360.00,1348.00,1348.00,1350.00,1295629
20120805,1300.00,1390.00,1292.00,1384.00,1343.00,3832494
20120806,1389.00,1410.00,1369.00,1380.00,1399.00,7644589
20120807,1400.00,1400.00,1330.00,1331.00,1341.00,3715237
20120808,1360.00,1408.00,1311.00,1408.00,1396.00,4772322
20120811,1420.00,1465.00,1406.00,1465.00,1450.00,7370675
20120812,1470.00,1486.00,1379.00,1420.00,1421.00,6555737
20120813,1400.00,1484.00,1374.00,1480.00,1468.00,6157691
20120814,1490.00,1541.00,1490.00,1541.00,1539.00,8750879
20120815,1615.00,1615.00,1615.00,1615.00,1615.00,491331
20120818,1650.00,1678.00,1594.00,1621.00,1628.00,14120212
20120821,1630.00,1709.00,1630.00,1702.00,1693.00,19637425
20120822,1700.00,1726.00,1630.00,1635.00,1653.00,6827392
20120825,1630.00,1670.00,1600.00,1661.00,1641.00,9914691
20120826,1661.00,1697.00,1650.00,1651.00,1662.00,10247148
20120827,1651.00,1651.00,1591.00,1650.00,1623.00,12671465
20120902,1612.00,1704.00,1612.00,1704.00,1683.00,18972103
20120903,1767.00,1767.00,1738.00,1767.00,1766.00,30144609
20120904,1780.00,1834.00,1752.00,1809.00,1795.00,31080130
20120905,1808.00,1820.00,1710.00,1730.00,1751.00,16883876
20120908,1748.00,1834.00,1720.00,1771.00,1797.00,19196542
20120909,1800.00,1810.00,1711.00,1759.00,1737.00,7595691
20120910,1756.00,1823.00,1756.00,1823.00,1805.00,19660163
20120911,1829.00,1880.00,1810.00,1811.00,1838.00,8536891
20120915,1850.00,1929.00,1840.00,1880.00,1907.00,16137802
20120916,1900.00,1914.00,1822.00,1850.00,1855.00,7266689
20120917,1850.00,1897.00,1831.00,1860.00,1879.00,6490068
20120918,1889.00,1892.00,1830.00,1830.00,1866.00,9227948
20120919,1830.00,1939.00,1830.00,1870.00,1876.00,18264088
20120922,1900.00,1969.00,1900.00,1969.00,1955.00,14145459
20120923,2052.00,2052.00,1940.00,1977.00,2018.00,20663343
20120924,1985.00,2094.00,1973.00,2087.00,2044.00,14387591
20120925,2119.00,2146.00,2113.00,2146.00,2140.00,21113338
20120926,2240.00,2247.00,2204.00,2247.00,2246.00,25945014
20120929,2340.00,2358.00,2307.00,2358.00,2353.00,16532459
20120930,2470.00,2470.00,2290.00,2380.00,2411.00,39525855
20121001,2410.00,2429.00,2291.00,2291.00,2365.00,29549374
20121002,2303.00,2365.00,2247.00,2270.00,2267.00,28973192
20121003,2339.00,2377.00,2154.00,2154.00,2249.00,29433825
20121006,2138.00,2165.00,2137.00,2137.00,2138.00,3412789
20121007,2085.00,2189.00,2061.00,2104.00,2106.00,14493888
20121008,2150.00,2197.00,2110.00,2155.00,2156.00,5464411
20121009,2193.00,2194.00,2051.00,2096.00,2098.00,6322536
20121010,2085.00,2085.00,2010.00,2045.00,2022.00,5511595
20121013,1999.00,1999.00,1921.00,1921.00,1933.00,5884108
20121014,1898.00,2029.00,1875.00,2029.00,1973.00,8846367
20121015,2063.00,2071.00,2055.00,2071.00,2069.00,4459711
20121016,2140.00,2172.00,2000.00,2015.00,2098.00,25921548
20121017,2040.00,2202.00,2006.00,2202.00,2123.00,36541590
20121020,2229.00,2229.00,2229.00,2229.00,2229.00,642959
20121021,2340.00,2340.00,2280.00,2340.00,2339.00,80763901
20121022,2455.00,2455.00,2455.00,2455.00,2455.00,125226625
20121023,2450.00,2540.00,2338.00,2429.00,2446.00,41723248
20121024,2415.00,2568.00,2415.00,2568.00,2526.00,50965227
20121027,2577.00,2652.00,2570.00,2652.00,2643.00,51458881
20121028,2725.00,2750.00,2570.00,2680.00,2673.00,49953987
20121029,2702.00,2774.00,2650.00,2729.00,2717.00,29462483
20121030,2708.00,2852.00,2702.00,2730.00,2788.00,56516880
20121031,2701.00,2791.00,2662.00,2760.00,2734.00,34669309
20121104,2770.00,2840.00,2700.00,2711.00,2756.00,20816474
20121105,2700.00,2700.00,2619.00,2650.00,2623.00,46433930
20121106,2632.00,2754.00,2632.00,2730.00,2714.00,22840857
20121107,2800.00,2849.00,2770.00,2849.00,2821.00,28491733
20121110,2865.00,2910.00,2720.00,2820.00,2818.00,21839636
20121111,2827.00,2888.00,2780.00,2780.00,2811.00,14881794
20121112,2770.00,2879.00,2722.00,2815.00,2818.00,15750596
20121113,2835.00,2958.00,2831.00,2958.00,2942.00,45829718
20121114,3020.00,3089.00,3002.00,3070.00,3069.00,49382575
20121117,3061.00,3061.00,2916.00,2941.00,2951.00,40459922
20121118,2900.00,3020.00,2872.00,2885.00,2931.00,15682902
20121119,2830.00,2870.00,2785.00,2785.00,2795.00,27777373
20121120,2742.00,2840.00,2659.00,2770.00,2738.00,14278204
20121121,2790.00,2840.00,2786.00,2829.00,2815.00,12131325
20121126,2886.00,2955.00,2886.00,2955.00,2932.00,16275501
20121127,3000.00,3069.00,2941.00,2965.00,3001.00,23196358
20121128,2999.00,3048.00,2900.00,2950.00,2990.00,24664591
20121201,2959.00,3010.00,2900.00,2930.00,2961.00,17062565
20121202,2989.00,3048.00,2890.00,2930.00,2959.00,20798245
20121203,2930.00,2950.00,2877.00,2890.00,2909.00,16378297
20121204,2924.00,2961.00,2885.00,2886.00,2910.00,9009147
20121205,2881.00,2970.00,2855.00,2942.00,2931.00,15912235
20121208,3011.00,3077.00,2901.00,2902.00,3019.00,49261954
20121209,2900.00,2948.00,2869.00,2876.00,2880.00,34570072
20121210,2860.00,2950.00,2766.00,2799.00,2831.00,10221550
20121211,2790.00,2869.00,2752.00,2760.00,2786.00,6637061
20121212,2774.00,2780.00,2700.00,2760.00,2738.00,9458834
20121215,2798.00,2840.00,2750.00,2768.00,2782.00,6338385
20121216,2819.00,2890.00,2752.00,2840.00,2843.00,11914892
20121217,2890.00,2985.00,2890.00,2985.00,2959.00,25257889
20121218,3030.00,3030.00,2911.00,2920.00,2961.00,20942887
20121219,2940.00,3010.00,2850.00,2870.00,2919.00,20047247
20121222,2900.00,2974.00,2870.00,2940.00,2936.00,12034401
20121223,3082.00,3082.00,3082.00,3082.00,3082.00,20209966
20121224,3236.00,3236.00,3236.00,3236.00,3236.00,10177848
20121225,3339.00,3349.00,3080.00,3209.00,3253.00,68613268
20121226,3189.00,3415.00,3160.00,3415.00,3383.00,68309330
20130120,2987.00,3188.00,2904.00,3159.00,3101.00,29309695
20130121,3160.00,3256.00,3152.00,3198.00,3229.00,24820668
20130122,3180.00,3220.00,3068.00,3150.00,3083.00,18755213
20130123,3220.00,3237.00,3185.00,3237.00,3234.00,15294357
20130126,3369.00,3390.00,3270.00,3277.00,3342.00,15550401
20130127,3255.00,3267.00,3175.00,3175.00,3186.00,18493492
20130128,3047.00,3210.00,3047.00,3188.00,3143.00,12237691
20130130,3186.00,3186.00,3055.00,3084.00,3094.00,6720661
20130202,3103.00,3220.00,3060.00,3070.00,3104.00,13076670
20130203,3119.00,3199.00,3053.00,3175.00,3121.00,15607001
20130204,3083.00,3139.00,3013.00,3030.00,3054.00,15846789
20130205,3017.00,3140.00,3010.00,3050.00,3064.00,7244134
20130206,3073.00,3216.00,3073.00,3176.00,3166.00,67838913
20130209,3181.00,3200.00,3082.00,3110.00,3119.00,7108714
20130211,3130.00,3273.00,3090.00,3249.00,3200.00,21506959
20130212,3280.00,3300.00,3120.00,3130.00,3195.00,7768579
20130213,3132.00,3148.00,3089.00,3100.00,3111.00,6320902
20130216,3160.00,3209.00,3125.00,3190.00,3181.00,7409507
20130217,3280.00,3340.00,3221.00,3340.00,3331.00,79807636
20130218,3491.00,3497.00,3452.00,3497.00,3496.00,44385314
20130227,3780.00,3784.00,3600.00,3609.00,3676.00,77752961
20130302,3545.00,3639.00,3493.00,3493.00,3500.00,43581784
20130303,3400.00,3499.00,3325.00,3434.00,3366.00,38376342
20130304,3430.00,3480.00,3282.00,3310.00,3356.00,14286701
20130305,3250.00,3310.00,3206.00,3288.00,3238.00,16292438
20130306,3251.00,3370.00,3251.00,3328.00,3323.00,88363266
20130309,3276.00,3320.00,3222.00,3226.00,3257.00,8160587
20130310,3263.00,3419.00,3263.00,3405.00,3400.00,37402185
20130311,3400.00,3450.00,3351.00,3387.00,3399.00,5638001
20130312,3379.00,3479.00,3313.00,3469.00,3407.00,10352372
20130313,3480.00,3570.00,3340.00,3372.00,3453.00,38459458
20130316,3321.00,3345.00,3281.00,3281.00,3288.00,6590958
20130317,3131.00,3270.00,3130.00,3224.00,3193.00,13424020
20130318,3210.00,3352.00,3191.00,3352.00,3258.00,8980090
20130325,3420.00,3420.00,3420.00,3420.00,3420.00,1675976
20130326,3585.00,3591.00,3400.00,3440.00,3507.00,12973163
20130327,3450.00,3451.00,3350.00,3359.00,3379.00,5734894
20130330,3300.00,3329.00,3222.00,3270.00,3263.00,6567639
20130331,3320.00,3350.00,3230.00,3240.00,3274.00,7800285
20130403,3250.00,3255.00,3198.00,3230.00,3216.00,9524374
20130406,3268.00,3268.00,3169.00,3169.00,3186.00,6372853
20130407,3162.00,3198.00,3093.00,3136.00,3139.00,6360893
20130408,3150.00,3218.00,3140.00,3210.00,3180.00,7456795
20130409,3200.00,3249.00,3156.00,3170.00,3197.00,8945590
20130410,3170.00,3197.00,3100.00,3147.00,3158.00,13969614
20130413,3130.00,3130.00,3030.00,3058.00,3061.00,9058930
20130415,3050.00,3121.00,3035.00,3065.00,3077.00,5589352
20130416,3077.00,3150.00,3045.00,3051.00,3084.00,10614576
20130417,3101.00,3112.00,2930.00,2930.00,2982.00,17233273
20130420,2933.00,2970.00,2833.00,2833.00,2838.00,22754360
20130421,2830.00,2930.00,2717.00,2885.00,2800.00,17157669
20130422,2920.00,2940.00,2900.00,2940.00,2934.00,3643051
20130423,3080.00,3080.00,3080.00,3080.00,3080.00,1938036
20130424,3234.00,3234.00,3141.00,3155.00,3203.00,24888312
20130427,3179.00,3231.00,3090.00,3117.00,3159.00,11498710
20130428,3149.00,3198.00,3030.00,3081.00,3105.00,10155293
20130429,3103.00,3260.00,3081.00,3260.00,3209.00,18151195
20130430,3250.00,3257.00,3122.00,3130.00,3177.00,12147998
20130501,3134.00,3253.00,3130.00,3160.00,3174.00,13980451
20130504,3330.00,3332.00,3310.00,3332.00,3331.00,6278007
20130505,3497.00,3497.00,3290.00,3380.00,3434.00,38307852
20130506,3380.00,3420.00,3270.00,3280.00,3322.00,11393304
20130507,3300.00,3319.00,3171.00,3219.00,3202.00,7669669
20130508,3171.00,3239.00,3102.00,3150.00,3137.00,5508634
20130511,3151.00,3285.00,3151.00,3270.00,3230.00,6972564
20130512,3390.00,3390.00,3200.00,3201.00,3318.00,20358306
20130513,3230.00,3288.00,3153.00,3156.00,3178.00,5661495
20130514,3100.00,3120.00,3031.00,3075.00,3063.00,5925334
20130515,3120.00,3180.00,2950.00,2995.00,3053.00,7373832
20130518,2951.00,2961.00,2901.00,2901.00,2906.00,3013217
20130519,2860.00,3051.00,2812.00,3000.00,2943.00,6415123
20130520,2999.00,3070.00,2900.00,3040.00,3009.00,3252070
20130623,2890.00,2920.00,2767.00,2887.00,2852.00,35610538
20130625,2895.00,2918.00,2790.00,2870.00,2845.00,5658818
20130626,2900.00,2987.00,2860.00,2962.00,2948.00,6381171
20130629,3030.00,3095.00,2950.00,3095.00,3074.00,10597412
20130630,3150.00,3227.00,3103.00,3227.00,3204.00,13566788
20130701,3280.00,3280.00,3111.00,3121.00,3191.00,11390534
20130702,3100.00,3100.00,3040.00,3063.00,3066.00,7647885
20130703,3090.00,3179.00,3020.00,3050.00,3074.00,11277203
20130706,3109.00,3220.00,3070.00,3150.00,3163.00,12932596
20130707,3205.00,3260.00,3010.00,3036.00,3093.00,23957185
20130708,3030.00,3057.00,3000.00,3030.00,3022.00,8442685
20130709,3018.00,3037.00,2921.00,2930.00,2974.00,8595293
20130710,3000.00,3079.00,2921.00,2930.00,2998.00,6378788
20130713,2930.00,2990.00,2861.00,2866.00,2882.00,6054589
20130717,2821.00,2930.00,2781.00,2920.00,2849.00,9897304
20130727,2951.00,3239.00,2951.00,3160.00,3164.00,21978740
20130728,3104.00,3270.00,3098.00,3205.00,3210.00,14077819
20130729,3259.00,3370.00,3255.00,3370.00,3356.00,13947447
20130731,3523.00,3523.00,3523.00,3523.00,3523.00,13209957
20130803,3699.00,3699.00,3551.00,3659.00,3690.00,94389546
20130804,3680.00,3800.00,3606.00,3660.00,3724.00,28993559
20130805,3700.00,3820.00,3611.00,3701.00,3725.00,13313812
20130806,3743.00,3911.00,3702.00,3865.00,3891.00,64073713
20130807,3979.00,4085.00,3952.00,4006.00,4033.00,52191631
20130811,4150.00,4234.00,4121.00,4130.00,4189.00,19081563
20130812,4080.00,4150.00,3987.00,4000.00,4043.00,24793423
20130813,4011.00,4036.00,3889.00,3934.00,3935.00,16165177
20130814,3890.00,4130.00,3870.00,4039.00,4064.00,17796565
20130817,4180.00,4260.00,4001.00,4013.00,4108.00,13105539
20130818,4032.00,4032.00,3903.00,3903.00,3922.00,11723596
20130819,3932.00,4048.00,3880.00,3939.00,3953.00,9937091
20130820,3970.00,3970.00,3824.00,3874.00,3865.00,4390453
20130821,3885.00,4028.00,3851.00,3950.00,3969.00,10403039
20130824,4030.00,4120.00,4000.00,4048.00,4037.00,10117120
20130825,4060.00,4100.00,3936.00,3947.00,4004.00,4423134
20130826,3950.00,3980.00,3820.00,3895.00,3883.00,8766775
20130827,3860.00,3939.00,3689.00,3689.00,3772.00,10455124
20130828,3584.00,3637.00,3584.00,3584.00,3592.00,28676781
20130831,3700.00,3771.00,3650.00,3771.00,3752.00,12823461
20130901,3860.00,3939.00,3830.00,3939.00,3935.00,19079693
20130903,4040.00,4131.00,3960.00,3999.00,4045.00,24894777
20130904,3843.00,3843.00,3843.00,3843.00,3843.00,3861215
20130907,3690.00,3790.00,3671.00,3784.00,3707.00,9162236
20130908,3800.00,3892.00,3800.00,3892.00,3876.00,7314689
20130909,4019.00,4029.00,3772.00,3801.00,3894.00,7570988
20130910,3998.00,4088.00,3998.00,4088.00,4066.00,8922187
20130911,4269.00,4269.00,4140.00,4197.00,4230.00,29180365
20130914,4200.00,4210.00,4031.00,4132.00,4101.00,8714444
20130915,4111.00,4180.00,4010.00,4040.00,4079.00,8576641
20130916,4002.00,4160.00,4002.00,4140.00,4109.00,8676463
20130917,4155.00,4222.00,4070.00,4090.00,4121.00,10466342
20130918,4170.00,4220.00,4101.00,4177.00,4164.00,7773170
20130921,4211.00,4230.00,4062.00,4062.00,4100.00,46087959
20130922,4040.00,4040.00,3920.00,3980.00,3981.00,7033758
20130923,4029.00,4148.00,3994.00,4076.00,4054.00,6542002
20130924,3969.00,4050.00,3950.00,3960.00,3980.00,5462597
20130925,4000.00,4020.00,3950.00,4000.00,3978.00,9434099
20130928,4089.00,4089.00,3930.00,3940.00,3985.00,9871349
20130929,3949.00,4000.00,3900.00,3999.00,3937.00,9013650
20130930,3941.00,4100.00,3913.00,4055.00,4024.00,12871542
20131001,4090.00,4180.00,3976.00,4120.00,4103.00,14255300
20131002,4130.00,4159.00,4030.00,4049.00,4082.00,7816860
20131005,4005.00,4120.00,4005.00,4064.00,4048.00,5022256
20131006,4050.00,4060.00,3998.00,4019.00,4025.00,8254225
20131007,4000.00,4018.00,3940.00,3973.00,3977.00,5183173
20131008,3942.00,4028.00,3936.00,3957.00,3961.00,4219098
20131009,3979.00,3997.00,3880.00,3972.00,3916.00,20056032
20131012,4001.00,4111.00,3902.00,4111.00,4074.00,19513646
20131013,4178.00,4242.00,4070.00,4100.00,4147.00,15083461
20131014,4089.00,4130.00,4031.00,4050.00,4068.00,10979356
20131015,4033.00,4239.00,4033.00,4140.00,4139.00,10230475
20131019,4140.00,4241.00,4000.00,4043.00,4115.00,13352009
20131020,4032.00,4032.00,3926.00,3949.00,3977.00,7782459
20131021,3950.00,4010.00,3900.00,3940.00,3946.00,8601563
20131022,3935.00,3990.00,3861.00,3950.00,3948.00,5023080
20131023,3940.00,4040.00,3925.00,4040.00,3994.00,6464234
20131026,3980.00,4100.00,3902.00,3902.00,3967.00,3973187
20131027,3931.00,3973.00,3861.00,3870.00,3888.00,3672484
20131028,3890.00,3890.00,3750.00,3850.00,3811.00,3761975
20131029,3860.00,3920.00,3815.00,3830.00,3872.00,2487181
20131030,3890.00,3950.00,3750.00,3800.00,3849.00,9059464
20131102,3862.00,3900.00,3757.00,3773.00,3834.00,4884514
20131103,3835.00,3835.00,3776.00,3780.00,3793.00,4497066
20131104,3765.00,3839.00,3758.00,3800.00,3796.00,3484867
20131105,3821.00,3870.00,3741.00,3780.00,3803.00,6154608
20131106,3800.00,3802.00,3760.00,3800.00,3787.00,6038293
20131109,3840.00,3898.00,3696.00,3720.00,3762.00,6415663
20131110,3721.00,3800.00,3720.00,3760.00,3757.00,3172952
20131111,3730.00,3730.00,3600.00,3701.00,3659.00,7546089
20131112,3675.00,3828.00,3675.00,3788.00,3735.00,3876369
20131116,3811.00,3921.00,3730.00,3901.00,3874.00,6987230
20131117,3930.00,3930.00,3760.00,3770.00,3809.00,3898302
20131118,3800.00,3800.00,3700.00,3789.00,3719.00,7507026
20131119,3788.00,3850.00,3740.00,3780.00,3778.00,3964348
20131120,3775.00,3815.00,3762.00,3775.00,3784.00,4200508
20131123,3800.00,3865.00,3763.00,3776.00,3802.00,4301627
20131124,3840.00,3900.00,3760.00,3810.00,3844.00,5700102
20131125,3888.00,3888.00,3680.00,3742.00,3793.00,8821585
20131126,3751.00,3751.00,3685.00,3696.00,3709.00,5116493
20131127,3721.00,3766.00,3675.00,3675.00,3710.00,5800892
20131130,3681.00,3711.00,3650.00,3670.00,3684.00,4360379
20131201,3700.00,3868.00,3700.00,3868.00,3863.00,27806088
20131202,3868.00,3989.00,3800.00,3836.00,3887.00,8548281
20131203,3887.00,3898.00,3720.00,3760.00,3801.00,3519095
20131204,3720.00,3780.00,3681.00,3700.00,3708.00,3555738
20131207,3702.00,3750.00,3670.00,3690.00,3696.00,5914888
20131208,3701.00,3770.00,3670.00,3705.00,3716.00,10626668
20131209,3790.00,3849.00,3720.00,3821.00,3779.00,6686806
20131210,3890.00,3967.00,3851.00,3967.00,3959.00,9466381
20131211,4156.00,4156.00,4050.00,4156.00,4154.00,56122849
20131214,4154.00,4361.00,4152.00,4361.00,4307.00,36128613
20131215,4522.00,4522.00,4500.00,4522.00,4522.00,31043531
20131216,4740.00,4748.00,4300.00,4502.00,4599.00,52027957
20131217,4500.00,4540.00,4370.00,4390.00,4409.00,21994426
20131218,4350.00,4520.00,4293.00,4306.00,4347.00,28078149
20131221,4384.00,4499.00,4295.00,4431.00,4412.00,14776666
20131222,4500.00,4500.00,4350.00,4407.00,4406.00,13734179
20131224,4469.00,4626.00,4400.00,4626.00,4616.00,39354085
20131225,4820.00,4846.00,4725.00,4846.00,4843.00,39132021
20131228,4900.00,4900.00,4700.00,4754.00,4782.00,20408168
20131229,4720.00,4731.00,4650.00,4700.00,4693.00,15534867
20131230,4730.00,4780.00,4620.00,4620.00,4702.00,11104250
20140101,4653.00,4690.00,4580.00,4580.00,4646.00,9217634
20140104,4650.00,4650.00,4480.00,4500.00,4546.00,22060899
20140105,4599.00,4599.00,4480.00,4499.00,4513.00,9505165
20140106,4569.00,4725.00,4569.00,4655.00,4677.00,10948666
20140107,4699.00,4699.00,4501.00,4530.00,4554.00,7317599
20140108,4598.00,4598.00,4350.00,4402.00,4458.00,8723241
20140111,4460.00,4463.00,4356.00,4373.00,4394.00,9176967
20140112,4360.00,4449.00,4175.00,4240.00,4214.00,9848393
20140113,4400.00,4424.00,4386.00,4424.00,4423.00,3256977
20140114,4500.00,4590.00,4350.00,4421.00,4433.00,7554019
20140115,4485.00,4485.00,4251.00,4450.00,4371.00,1993602
20140118,4589.00,4589.00,4430.00,4499.00,4557.00,8088737
20140120,4520.00,4598.00,4331.00,4420.00,4432.00,3491076
20140121,4547.00,4590.00,4326.00,4367.00,4454.00,2462888
20140122,4374.00,4463.00,4251.00,4340.00,4309.00,3023315
20140125,4370.00,4449.00,4367.00,4430.00,4401.00,661133
20140126,4301.00,4399.00,4181.00,4181.00,4198.00,2497324
20140127,4033.00,4157.00,3989.00,4130.00,4001.00,7380521
20140128,4120.00,4201.00,4120.00,4201.00,4195.00,3478532
20140129,4330.00,4404.00,4291.00,4404.00,4360.00,2665589
20140201,4499.00,4578.00,4478.00,4578.00,4572.00,5570254
20140202,4585.00,4609.00,4400.00,4530.00,4523.00,5409629
20140203,4490.00,4590.00,4363.00,4545.00,4481.00,2255450
20140204,4549.00,4550.00,4440.00,4480.00,4485.00,2711029
20140205,4330.00,4488.00,4261.00,4261.00,4279.00,2608448
20140208,4143.00,4200.00,4066.00,4090.00,4086.00,3630474
20140209,4050.00,4243.00,4050.00,4200.00,4191.00,1312048
20140210,4240.00,4327.00,3993.00,4000.00,4062.00,2573186
20140212,3904.00,3999.00,3859.00,3859.00,3863.00,1838948
20140215,3781.00,4056.00,3781.00,4020.00,3997.00,1945519
20140216,4121.00,4196.00,4121.00,4196.00,4178.00,753329
20140217,4386.00,4386.00,4100.00,4375.00,4375.00,4332519
20140218,4340.00,4420.00,4231.00,4312.00,4312.00,3324017
20140219,4301.00,4490.00,4301.00,4414.00,4413.00,2446008
20140222,4400.00,4569.00,4359.00,4502.00,4502.00,4840612
20140223,4402.00,4490.00,4313.00,4374.00,4392.00,1530643
20140224,4301.00,4301.00,4200.00,4264.00,4264.00,2830702
20140225,4201.00,4240.00,4120.00,4166.00,4166.00,2229028
20140226,4131.00,4300.00,4084.00,4183.00,4183.00,1527686
20140301,4278.00,4315.00,4200.00,4250.00,4260.00,911279
20140302,4200.00,4200.00,4100.00,4134.00,4134.00,888677
20140303,4107.00,4107.00,3981.00,4010.00,4010.00,1083207
20140304,4090.00,4145.00,4003.00,4108.00,4108.00,1388510
20140305,4169.00,4281.00,4114.00,4202.00,4202.00,2211680
20140308,4200.00,4250.00,4056.00,4116.00,4116.00,1124223
20140309,4090.00,4090.00,4000.00,4023.00,4023.00,1296010
20140310,4022.00,4022.00,3985.00,4001.00,4001.00,1433349
20140311,4000.00,4050.00,3950.00,3983.00,3983.00,1305696
20140312,3920.00,4182.00,3920.00,4090.00,4092.00,1859634
20140315,4171.00,4226.00,4100.00,4100.00,4142.00,3145160
20140316,4165.00,4280.00,4080.00,4157.00,4193.00,4506408
20140317,4250.00,4339.00,4161.00,4261.00,4277.00,3759304
20140318,4250.00,4290.00,4163.00,4210.00,4221.00,1792464
20140319,4151.00,4243.00,4151.00,4189.00,4194.00,1667214
20140325,4161.00,4244.00,4100.00,4100.00,4173.00,713679
20140326,4210.00,4210.00,4097.00,4103.00,4123.00,523538
20140329,4103.00,4103.00,4061.00,4100.00,4074.00,457478
20140330,4191.00,4191.00,4112.00,4150.00,4145.00,535183
20140331,4175.00,4190.00,4060.00,4150.00,4105.00,3377097
20140405,4100.00,4170.00,4000.00,4129.00,4082.00,1323156
20140406,4070.00,4082.00,4002.00,4017.00,4041.00,1931549
20140407,4000.00,4047.00,3925.00,3951.00,3988.00,3390037
20140408,3931.00,4070.00,3931.00,3950.00,3977.00,1972524
20140409,4000.00,4000.00,3910.00,3989.00,3943.00,952097
20140412,4000.00,4050.00,3945.00,4000.00,3995.00,1475007
20140413,3999.00,4010.00,3820.00,3900.00,3905.00,2819463
20140414,3880.00,3901.00,3760.00,3820.00,3823.00,2920732
20140415,3850.00,4014.00,3800.00,4014.00,3971.00,2921723
20140416,4088.00,4099.00,3989.00,3989.00,4015.00,2124527
20140419,4000.00,4000.00,3856.00,3864.00,3896.00,944216
20140420,4002.00,4050.00,3951.00,4000.00,3998.00,1942556
20140421,3991.00,4197.00,3980.00,4197.00,4125.00,7646797
20140422,4200.00,4320.00,4060.00,4060.00,4195.00,3974066
20140423,4168.00,4200.00,4080.00,4179.00,4178.00,3598053
20140426,4183.00,4386.00,4183.00,4386.00,4354.00,8025285
20140427,4390.00,4390.00,4222.00,4231.00,4320.00,5046219
20140428,4277.00,4351.00,4150.00,4271.00,4283.00,3978155
20140429,4308.00,4308.00,4100.00,4134.00,4224.00,2846924
20140430,4129.00,4280.00,4129.00,4220.00,4228.00,1629054
20140503,4220.00,4250.00,4162.00,4171.00,4190.00,1404608
20140504,4199.00,4220.00,4080.00,4162.00,4159.00,2692953
20140505,4199.00,4250.00,4075.00,4170.00,4188.00,1938655
20140506,4199.00,4213.00,4140.00,4187.00,4183.00,1866178
20140507,4247.00,4247.00,4130.00,4149.00,4162.00,2382943
20140510,4190.00,4190.00,4105.00,4130.00,4156.00,2227040
20140511,4111.00,4170.00,4105.00,4137.00,4141.00,1194698
20140512,4150.00,4150.00,4020.00,4100.00,4088.00,2618377
20140514,4050.00,4120.00,4031.00,4099.00,4090.00,2652794
20140517,4030.00,4050.00,3910.00,3910.00,3992.00,2503754
20140518,4000.00,4080.00,3965.00,3974.00,4022.00,2232392
20140519,3962.00,4018.00,3950.00,3950.00,3985.00,2781035
20140520,3990.00,4020.00,3965.00,4000.00,3994.00,2325249
20140521,4049.00,4070.00,3990.00,4070.00,4037.00,5852870
20140524,4080.00,4085.00,3960.00,3963.00,3999.00,1277203
20140525,3953.00,4000.00,3927.00,3942.00,3985.00,2176405
20140526,3949.00,4010.00,3921.00,3933.00,3968.00,1593981
20140528,3970.00,3970.00,3870.00,3935.00,3920.00,1268907
20140531,3900.00,3910.00,3850.00,3890.00,3895.00,1832054
20140601,3890.00,3890.00,3701.00,3769.00,3750.00,4805126
20140602,3780.00,3860.00,3721.00,3850.00,3807.00,1455729
20140603,3773.00,3930.00,3772.00,3920.00,3875.00,1300706
20140607,3939.00,3939.00,3850.00,3850.00,3868.00,830394
20140608,3821.00,3900.00,3820.00,3870.00,3879.00,1523371
20140609,3810.00,3870.00,3800.00,3870.00,3814.00,779625
20140610,3800.00,3898.00,3771.00,3790.00,3852.00,1728263
20140611,3800.00,3815.00,3702.00,3706.00,3750.00,1050671
20140614,3702.00,3703.00,3563.00,3563.00,3572.00,1801328
20140615,3470.00,3555.00,3400.00,3530.00,3436.00,1991922
20140616,3500.00,3607.00,3500.00,3607.00,3592.00,1319087
20140617,3610.00,3660.00,3480.00,3486.00,3559.00,280860
20140618,3560.00,3600.00,3455.00,3541.00,3545.00,664044
20140621,3520.00,3600.00,3470.00,3486.00,3549.00,1491360
20140622,3560.00,3580.00,3456.00,3460.00,3516.00,816465
20140623,3530.00,3530.00,3414.00,3420.00,3434.00,371600
20140624,3414.00,3434.00,3270.00,3278.00,3304.00,1709722
20140625,3278.00,3347.00,3140.00,3180.00,3187.00,2037301
20140628,3187.00,3187.00,3028.00,3028.00,3049.00,1200633
20140629,2988.00,2988.00,2897.00,2897.00,2904.00,897700
20140630,2801.00,2950.00,2759.00,2855.00,2789.00,2587749
20140701,2869.00,2928.00,2801.00,2928.00,2908.00,770980
20140702,3053.00,3053.00,3053.00,3053.00,3053.00,105033
20140705,3205.00,3205.00,3205.00,3205.00,3205.00,277246
20140706,3365.00,3365.00,3150.00,3240.00,3300.00,5110329
20140707,3200.00,3360.00,3141.00,3200.00,3262.00,1823274
20140708,3220.00,3425.00,3220.00,3425.00,3412.00,2526427
20140709,3401.00,3434.00,3301.00,3307.00,3364.00,1729904
20140712,3349.00,3390.00,3215.00,3272.00,3307.00,1581536
20140713,3215.00,3300.00,3142.00,3180.00,3157.00,2368963
20140714,3020.00,3314.00,3020.00,3166.00,3259.00,4696199
20140722,3365.00,3450.00,3264.00,3348.00,3298.00,1319631
20140723,3300.00,3301.00,3200.00,3220.00,3289.00,1071302
20140726,3270.00,3270.00,3134.00,3196.00,3261.00,928716
20140727,3210.00,3250.00,3161.00,3211.00,3187.00,1693293
20140728,3171.00,3250.00,3152.00,3203.00,3199.00,956929
20140802,3191.00,3246.00,3050.00,3050.00,3126.00,917712
20140803,3080.00,3120.00,3030.00,3039.00,3056.00,591277
20140804,3077.00,3132.00,3055.00,3080.00,3082.00,759373
20140805,3030.00,3050.00,2980.00,3032.00,3015.00,1861782
20140806,3000.00,3060.00,2950.00,3059.00,3013.00,633762
20140809,3041.00,3078.00,3000.00,3070.00,3050.00,440276
20140810,3077.00,3080.00,2931.00,2950.00,2977.00,720320
20140811,3001.00,3060.00,3001.00,3052.00,3046.00,614910
20140812,3020.00,3030.00,2995.00,3020.00,3016.00,532108
20140813,2954.00,3043.00,2954.00,2999.00,2998.00,750986
20140816,3000.00,3009.00,2980.00,3000.00,2993.00,363052
20140817,2950.00,3000.00,2950.00,3000.00,2996.00,816046
20140818,3030.00,3030.00,2959.00,2999.00,2994.00,408460
20140819,3000.00,3039.00,2950.00,3039.00,2999.00,1038461
20140820,2991.00,3069.00,2991.00,3004.00,3033.00,646524
20140823,3049.00,3049.00,2976.00,2980.00,3003.00,893202
20140824,3000.00,3000.00,2945.00,2950.00,2962.00,498780
20140825,2950.00,2980.00,2938.00,2963.00,2954.00,252455
20140826,2913.00,2957.00,2913.00,2930.00,2944.00,841084
20140827,2920.00,2920.00,2860.00,2891.00,2893.00,1464527
20140830,2812.00,2915.00,2812.00,2848.00,2859.00,808190
20140831,2850.00,2896.00,2812.00,2861.00,2855.00,1253658
20140901,2880.00,2880.00,2800.00,2827.00,2819.00,491380
20140902,2856.00,2856.00,2780.00,2780.00,2814.00,830828
20140903,2800.00,2830.00,2756.00,2760.00,2782.00,1019318
20140906,2798.00,2921.00,2798.00,2921.00,2913.00,5698636
20140907,2870.00,2948.00,2801.00,2860.00,2878.00,965162
20140908,2915.00,2948.00,2801.00,2830.00,2880.00,1326358
20140909,2831.00,2900.00,2805.00,2820.00,2894.00,18631361
20140910,2811.00,2835.00,2761.00,2799.00,2794.00,1775414
20140913,2790.00,2798.00,2660.00,2691.00,2706.00,808497
20140914,2719.00,2719.00,2610.00,2650.00,2648.00,731846
20140915,2620.00,2697.00,2620.00,2655.00,2671.00,872022
20140916,2631.00,2634.00,2590.00,2629.00,2613.00,1267691
20140917,2613.00,2649.00,2550.00,2550.00,2566.00,1481366
20140920,2566.00,2630.00,2565.00,2598.00,2593.00,443653
20140921,2620.00,2636.00,2550.00,2573.00,2594.00,1612728
20140922,2600.00,2600.00,2552.00,2571.00,2563.00,1337600
20140923,2600.00,2600.00,2553.00,2558.00,2568.00,523091
20140924,2599.00,2649.00,2575.00,2600.00,2602.00,1336909
20140927,2610.00,2610.00,2525.00,2560.00,2551.00,426299
20140928,2541.00,2603.00,2536.00,2603.00,2582.00,816674
20140929,2582.00,2711.00,2582.00,2711.00,2691.00,4913274
20140930,2736.00,2810.00,2660.00,2710.00,2731.00,1666105
20141001,2729.00,2729.00,2650.00,2675.00,2678.00,563062
20141004,2720.00,2720.00,2670.00,2680.00,2691.00,584815
20141006,2680.00,2690.00,2630.00,2649.00,2663.00,515367
20141007,2668.00,2680.00,2565.00,2595.00,2590.00,2307571
20141008,2561.00,2600.00,2561.00,2582.00,2576.00,953693
20141011,2598.00,2630.00,2567.00,2626.00,2603.00,1151846
20141012,2631.00,2655.00,2600.00,2605.00,2612.00,839144
20141014,2601.00,2645.00,2601.00,2630.00,2630.00,944428
20141015,2621.00,2621.00,2606.00,2610.00,2611.00,990838
20141018,2604.00,2631.00,2604.00,2610.00,2615.00,941541
20141019,2610.00,2745.00,2610.00,2745.00,2728.00,2984628
20141020,2862.00,2864.00,2793.00,2864.00,2863.00,8145118
20141021,2890.00,2975.00,2863.00,2905.00,2911.00,2923366
20141022,2850.00,2850.00,2766.00,2793.00,2805.00,2545431
20141025,2741.00,2819.00,2714.00,2746.00,2771.00,1098318
20141026,2724.00,2790.00,2724.00,2784.00,2767.00,888425
20141027,2770.00,2889.00,2770.00,2840.00,2840.00,1240012
20141028,2792.00,2850.00,2718.00,2748.00,2757.00,977634
20141029,2720.00,2820.00,2702.00,2814.00,2793.00,1160817
20141101,2800.00,2932.00,2800.00,2900.00,2916.00,6277216
20141102,2953.00,3061.00,2861.00,3061.00,3023.00,6854596
20141105,3001.00,3079.00,3001.00,3050.00,3042.00,2377927
20141108,3086.00,3086.00,2900.00,2920.00,2953.00,3530290
20141109,2910.00,2933.00,2892.00,2915.00,2911.00,857160
20141110,2914.00,3010.00,2914.00,2970.00,2981.00,2188228
20141111,2930.00,2985.00,2901.00,2910.00,2937.00,1434153
20141112,2906.00,2969.00,2888.00,2907.00,2907.00,1199336
20141115,2900.00,2900.00,2762.00,2762.00,2799.00,1573216
20141116,2788.00,2850.00,2776.00,2796.00,2799.00,1917483
20141117,2818.00,2825.00,2750.00,2751.00,2786.00,1669957
20141118,2741.00,2799.00,2655.00,2660.00,2679.00,2401408
20141119,2662.00,2740.00,2650.00,2670.00,2669.00,1203644
20141122,2688.00,2688.00,2600.00,2629.00,2628.00,2493453
20141123,2650.00,2719.00,2626.00,2641.00,2660.00,3082602
20141124,2709.00,2778.00,2680.00,2714.00,2727.00,3477641
20141125,2591.00,2667.00,2591.00,2591.00,2598.00,1895956
20141126,2551.00,2650.00,2551.00,2619.00,2608.00,1633648
20141129,2630.00,2658.00,2505.00,2505.00,2578.00,2101165
20141130,2542.00,2597.00,2450.00,2511.00,2483.00,1716581
20141201,2499.00,2518.00,2392.00,2475.00,2469.00,870905
20141202,2488.00,2500.00,2360.00,2378.00,2392.00,1583658
20141203,2380.00,2421.00,2345.00,2377.00,2373.00,1736601
20141206,2386.00,2449.00,2301.00,2330.00,2350.00,1554474
20141207,2320.00,2350.00,2233.00,2250.00,2266.00,2400668
20141208,2280.00,2348.00,2226.00,2325.00,2289.00,3573814
20141209,2350.00,2350.00,2280.00,2315.00,2312.00,1291641
20141224,2189.00,2189.00,2050.00,2140.00,2231.00,1369816
20141227,2102.00,2139.00,2035.00,2080.00,2065.00,4786829
20141228,2071.00,2140.00,2071.00,2130.00,2106.00,2173189
20141229,2159.00,2159.00,2070.00,2072.00,2099.00,1343346
20141230,2065.00,2073.00,2015.00,2030.00,2042.00,1165062
20141231,2014.00,2014.00,1960.00,1965.00,1984.00,873780
20150103,1984.00,2050.00,1950.00,1950.00,1988.00,694600
20150104,1982.00,1982.00,1905.00,1918.00,1930.00,1162847
20150105,1900.00,1901.00,1878.00,1880.00,1887.00,1163813
20150106,1880.00,1880.00,1819.00,1820.00,1849.00,1199475
20150107,1796.00,1830.00,1770.00,1783.00,1791.00,966870
20150110,1760.00,1770.00,1702.00,1702.00,1709.00,1255766
20150111,1700.00,1700.00,1626.00,1680.00,1646.00,1857296
20150112,1682.00,1728.00,1682.00,1728.00,1727.00,1828545
20150113,1759.00,1759.00,1641.00,1646.00,1673.00,3206579
20150114,1660.00,1671.00,1602.00,1602.00,1623.00,1950658
20150117,1632.00,1704.00,1630.00,1704.00,1702.00,3529934
20150118,1746.00,1746.00,1630.00,1676.00,1686.00,1061961
20150119,1666.00,1689.00,1604.00,1630.00,1631.00,882593
20150120,1550.00,1600.00,1550.00,1574.00,1554.00,4082816
20150121,1540.00,1540.00,1480.00,1500.00,1492.00,1109504
20150124,1500.00,1533.00,1453.00,1520.00,1495.00,654378
20150125,1501.00,1562.00,1470.00,1470.00,1512.00,830489
20150126,1506.00,1510.00,1480.00,1510.00,1493.00,550697
20150127,1505.00,1567.00,1505.00,1567.00,1551.00,848920
20150128,1580.00,1628.00,1580.00,1628.00,1625.00,4119644
20150131,1659.00,1706.00,1659.00,1706.00,1705.00,1050907
20150201,1790.00,1790.00,1755.00,1790.00,1782.00,4689055
20150202,1809.00,1858.00,1711.00,1741.00,1773.00,1393423
20150203,1713.00,1799.00,1713.00,1737.00,1752.00,1019741
20150204,1771.00,1839.00,1771.00,1814.00,1818.00,2185615
20150207,1780.00,1908.00,1760.00,1908.00,1885.00,2759414
20150208,1957.00,1957.00,1802.00,1804.00,1866.00,2639706
20150209,1828.00,1850.00,1773.00,1773.00,1786.00,813369
20150210,1767.00,1769.00,1697.00,1720.00,1717.00,1491316
20150214,1715.00,1800.00,1711.00,1748.00,1748.00,557584
20150215,1739.00,1739.00,1682.00,1690.00,1701.00,848693
20150216,1710.00,1734.00,1662.00,1683.00,1697.00,594537
20150217,1700.00,1700.00,1632.00,1670.00,1667.00,1266725
20150218,1675.00,1680.00,1600.00,1620.00,1626.00,1081632
20150221,1610.00,1648.00,1576.00,1580.00,1601.00,2484264
20150222,1560.00,1570.00,1521.00,1521.00,1534.00,7005763
20150315,1465.00,1527.00,1465.00,1515.00,1476.00,4022911
20150316,1510.00,1549.00,1488.00,1549.00,1523.00,4381661
20150317,1551.00,1559.00,1506.00,1512.00,1535.00,1244995
20150318,1521.00,1611.00,1521.00,1607.00,1605.00,2185557
20150325,1639.00,1685.00,1630.00,1680.00,1677.00,1909399
20150328,1690.00,1735.00,1636.00,1700.00,1693.00,1417958
20150329,1740.00,1760.00,1698.00,1710.00,1724.00,2603886
20150330,1655.00,1739.00,1638.00,1638.00,1655.00,4163531
20150331,1615.00,1675.00,1600.00,1610.00,1629.00,762314
20150404,1710.00,1710.00,1710.00,1710.00,1710.00,23916
20150405,1795.00,1795.00,1795.00,1795.00,1795.00,352317
20150406,1870.00,1870.00,1710.00,1720.00,1773.00,5721574
20150407,1691.00,1770.00,1685.00,1685.00,1705.00,2179957
20150408,1669.00,1759.00,1669.00,1703.00,1711.00,1235714
20150411,1701.00,1706.00,1627.00,1630.00,1643.00,1584166
20150412,1621.00,1621.00,1563.00,1568.00,1574.00,1583743
20150413,1580.00,1620.00,1524.00,1600.00,1586.00,1938501
20150414,1630.00,1638.00,1590.00,1590.00,1599.00,1185828
20150415,1620.00,1620.00,1550.00,1580.00,1579.00,1538593
20150418,1535.00,1657.00,1535.00,1657.00,1626.00,5065925
20150419,1707.00,1707.00,1707.00,1707.00,1707.00,700128
20150420,1792.00,1792.00,1756.00,1790.00,1791.00,26105323
20150421,1800.00,1849.00,1720.00,1740.00,1771.00,4265863
20150422,1739.00,1760.00,1700.00,1750.00,1725.00,3721396
20150425,1750.00,1811.00,1750.00,1811.00,1809.00,17938261
20150426,1870.00,1899.00,1834.00,1899.00,1897.00,15905379
20150427,1915.00,1970.00,1820.00,1919.00,1915.00,11038697
20150428,1910.00,1998.00,1882.00,1903.00,1935.00,5277101
20150429,1941.00,1946.00,1850.00,1885.00,1899.00,2994101
20150503,1917.00,1917.00,1805.00,1805.00,1824.00,3277948
20150504,1795.00,1829.00,1733.00,1733.00,1736.00,3369366
20150505,1666.00,1750.00,1650.00,1653.00,1684.00,3384297
20150506,1650.00,1768.00,1650.00,1768.00,1736.00,1778305
20150509,1822.00,1822.00,1695.00,1695.00,1771.00,3835827
20150510,1730.00,1732.00,1683.00,1683.00,1701.00,2513906
20150511,1690.00,1760.00,1682.00,1720.00,1733.00,1502053
20150512,1757.00,1777.00,1716.00,1730.00,1751.00,1172820
20150513,1720.00,1770.00,1701.00,1728.00,1723.00,1190367
20150517,1750.00,1750.00,1644.00,1660.00,1663.00,1419694
20150518,1664.00,1739.00,1664.00,1700.00,1706.00,955829
20150519,1710.00,1740.00,1680.00,1683.00,1707.00,1007216
20150520,1700.00,1734.00,1690.00,1690.00,1715.00,1051483
20150523,1700.00,1800.00,1690.00,1800.00,1786.00,6786463
20150524,1860.00,1875.00,1825.00,1875.00,1866.00,7691292
20150608,1914.00,1997.00,1910.00,1971.00,1950.00,21791052
20150609,2000.00,2039.00,1900.00,1916.00,1976.00,9266735
20150610,1927.00,1968.00,1878.00,1950.00,1911.00,4194321
20150613,1970.00,1995.00,1930.00,1952.00,1968.00,3952862
20150614,1941.00,1980.00,1882.00,1889.00,1931.00,2807684
20150615,1909.00,1930.00,1851.00,1888.00,1898.00,1646439
20150616,1871.00,1990.00,1871.00,1987.00,1963.00,4970161
20150617,1999.00,2061.00,1981.00,2052.00,2043.00,13550573
20150620,2070.00,2129.00,2035.00,2050.00,2071.00,4935219
20150621,2060.00,2118.00,2003.00,2066.00,2071.00,3395374
20150622,2075.00,2174.00,2061.00,2174.00,2166.00,10503635
20150623,2250.00,2274.00,2250.00,2274.00,2272.00,24869331
20150624,2289.00,2368.00,2251.00,2280.00,2289.00,15503655
20150627,2295.00,2395.00,2282.00,2290.00,2337.00,11890770
20150628,2269.00,2298.00,2221.00,2221.00,2230.00,3724313
20150629,2150.00,2285.00,2120.00,2243.00,2186.00,12011697
20150630,2280.00,2295.00,2241.00,2295.00,2284.00,9906027
20150701,2310.00,2361.00,2270.00,2327.00,2321.00,10364169
20150704,2375.00,2419.00,2351.00,2398.00,2389.00,11072497
20150705,2392.00,2393.00,2270.00,2270.00,2295.00,13204486
20150706,2263.00,2300.00,2190.00,2215.00,2231.00,12262456
20150707,2230.00,2298.00,2230.00,2241.00,2261.00,11136774
20150711,2150.00,2200.00,2148.00,2179.00,2157.00,14040354
20150712,2179.00,2219.00,2111.00,2125.00,2150.00,11489511
20150713,2218.00,2250.00,2155.00,2167.00,2198.00,9761509
20150714,2200.00,2255.00,2095.00,2210.00,2168.00,11788837
20150715,2198.00,2198.00,2081.00,2106.00,2112.00,5301680
20150727,1971.00,2010.00,1902.00,1921.00,1959.00,4287087
20150728,1950.00,2017.00,1898.00,1984.00,1958.00,5123982
20150729,2020.00,2044.00,2000.00,2033.00,2025.00,12210098
20150801,2050.00,2090.00,2001.00,2001.00,2045.00,3031582
20150802,2002.00,2014.00,1952.00,1959.00,1981.00,4417441
20150803,1990.00,1999.00,1910.00,1925.00,1943.00,3592543
20150804,1922.00,2020.00,1900.00,1980.00,1970.00,6545052
20150805,2009.00,2040.00,1970.00,2000.00,2005.00,4377094
20150808,2105.00,2105.00,2105.00,2105.00,2105.00,653041
20150809,2210.00,2210.00,2191.00,2210.00,2210.00,73042681
20150810,2220.00,2240.00,2171.00,2175.00,2208.00,15512508
20150812,2171.00,2198.00,2160.00,2173.00,2171.00,6777234
20150815,2161.00,2161.00,2063.00,2118.00,2098.00,7450180
20150816,2125.00,2179.00,2097.00,2140.00,2116.00,3591744
20150817,2147.00,2149.00,2070.00,2072.00,2098.00,2419099
20150818,2070.00,2088.00,2035.00,2043.00,2050.00,3671786
20150819,2063.00,2095.00,2030.00,2038.00,2058.00,3683619
20150822,2080.00,2080.00,1980.00,1986.00,2006.00,3293882
20150823,1990.00,1998.00,1935.00,1980.00,1956.00,4127102
20150824,1985.00,2044.00,1956.00,2029.00,2013.00,4043179
20150825,2019.00,2019.00,1924.00,1936.00,1947.00,5460238
20150826,1941.00,1979.00,1908.00,1931.00,1927.00,2668171
20150829,1940.00,1999.00,1940.00,1971.00,1971.00,1907742
20150830,1952.00,1954.00,1924.00,1939.00,1934.00,2281142
20150831,1953.00,1953.00,1920.00,1924.00,1930.00,1181683
20150901,1939.00,1980.00,1921.00,1950.00,1953.00,1683604
20150902,1950.00,1973.00,1921.00,1950.00,1941.00,2268222
20150905,1977.00,2038.00,1977.00,2038.00,2026.00,4557775
20150906,2042.00,2060.00,1990.00,2000.00,2009.00,3225105
20150909,1846.00,1880.00,1802.00,1870.00,1846.00,8344047
20150912,1840.00,1880.00,1754.00,1754.00,1788.00,11738687
20150913,1739.00,1750.00,1699.00,1699.00,1705.00,5310355
20150914,1670.00,1676.00,1620.00,1620.00,1630.00,6677067
20150915,1575.00,1678.00,1552.00,1660.00,1611.00,9156987
20150916,1680.00,1691.00,1656.00,1691.00,1687.00,2071771
20150919,1725.00,1730.00,1651.00,1660.00,1686.00,6746344
20150920,1688.00,1699.00,1602.00,1609.00,1613.00,5315970
20150921,1600.00,1620.00,1534.00,1620.00,1567.00,2764869
20150922,1597.00,1645.00,1597.00,1645.00,1635.00,2053882
20150923,1667.00,1705.00,1655.00,1670.00,1680.00,2316726
20150926,1690.00,1690.00,1606.00,1620.00,1622.00,1875634
20150927,1610.00,1629.00,1545.00,1603.00,1583.00,6197734
20150928,1581.00,1650.00,1581.00,1620.00,1617.00,1886571
20150929,1611.00,1660.00,1610.00,1632.00,1628.00,2415571
20150930,1649.00,1659.00,1620.00,1659.00,1635.00,2453582
20151003,1643.00,1674.00,1603.00,1649.00,1628.00,3829850
20151004,1628.00,1709.00,1601.00,1709.00,1685.00,5449644
20151005,1712.00,1760.00,1712.00,1747.00,1732.00,3878106
20151006,1734.00,1750.00,1685.00,1739.00,1715.00,2857747
20151007,1755.00,1775.00,1720.00,1755.00,1751.00,4702721
20151010,1779.00,1799.00,1755.00,1770.00,1773.00,3277584
20151011,1776.00,1779.00,1740.00,1773.00,1752.00,2668134
20151012,1749.00,1808.00,1741.00,1799.00,1786.00,1561722
20151013,1800.00,1850.00,1776.00,1841.00,1823.00,2220677
20151014,1862.00,1914.00,1851.00,1872.00,1884.00,4567406
20151017,1880.00,1930.00,1841.00,1861.00,1881.00,7156952
20151018,1880.00,1900.00,1790.00,1812.00,1830.00,6969024
20151019,1827.00,1880.00,1800.00,1811.00,1838.00,5199559
20151020,1846.00,1849.00,1766.00,1780.00,1806.00,2600925
20151021,1755.00,1825.00,1733.00,1774.00,1780.00,2099028
20151025,1731.00,1731.00,1691.00,1691.00,1694.00,1622476
20151026,1650.00,1731.00,1621.00,1726.00,1682.00,4661608
20151027,1713.00,1766.00,1712.00,1766.00,1761.00,3868098
20151028,1776.00,1800.00,1750.00,1784.00,1780.00,2344584
20151031,1800.00,1810.00,1740.00,1770.00,1779.00,2270546
20151101,1789.00,1864.00,1769.00,1830.00,1831.00,8291949
20151102,1820.00,1882.00,1810.00,1851.00,1862.00,5255219
20151103,1862.00,1928.00,1862.00,1876.00,1904.00,6966601
20151104,1895.00,1999.00,1868.00,1999.00,1958.00,10045921
20151107,2021.00,2052.00,1972.00,2000.00,2021.00,13516222
20151108,2010.00,2039.00,1931.00,1953.00,1972.00,9130495
20151109,1969.00,2070.00,1932.00,2070.00,2042.00,16086509
20151110,2092.00,2141.00,2080.00,2080.00,2115.00,12622873
20151111,2099.00,2100.00,2010.00,2028.00,2028.00,14836635
20151114,2050.00,2078.00,1969.00,2010.00,2030.00,6149703
20151115,2026.00,2121.00,2026.00,2087.00,2094.00,11372549
20151116,2106.00,2129.00,2032.00,2037.00,2072.00,7783375
20151117,2069.00,2069.00,1981.00,2014.00,2002.00,6604015
20151118,2020.00,2070.00,1995.00,2057.00,2036.00,4140585
20151121,2040.00,2137.00,2040.00,2137.00,2122.00,17138464
20151122,2141.00,2184.00,2131.00,2143.00,2156.00,9402130
20151123,2164.00,2164.00,2079.00,2092.00,2105.00,6462847
20151124,2099.00,2099.00,2043.00,2046.00,2059.00,4397291
20151125,2040.00,2044.00,2001.00,2009.00,2012.00,6029621
20151128,1990.00,2040.00,1983.00,2033.00,2026.00,4435686
20151129,2050.00,2070.00,2015.00,2020.00,2022.00,2989180
20151130,2020.00,2040.00,2004.00,2009.00,2020.00,1614979
20151201,2030.00,2030.00,1990.00,1997.00,2003.00,3614792
20151205,2015.00,2048.00,2011.00,2021.00,2032.00,2727086
20151206,2014.00,2018.00,1950.00,1960.00,1976.00,4399635
20151207,1971.00,1980.00,1927.00,1933.00,1947.00,3886330
20151208,1969.00,1985.00,1928.00,1961.00,1962.00,2453260
20151209,1977.00,2040.00,1963.00,2030.00,2002.00,3814967
20151213,2041.00,2041.00,1982.00,2019.00,2004.00,1997973
20151214,2028.00,2063.00,2015.00,2049.00,2048.00,2452469
20151215,2050.00,2080.00,2023.00,2050.00,2059.00,3020129
20151216,2060.00,2075.00,1989.00,1995.00,2014.00,3003555
20151219,2025.00,2025.00,1914.00,1940.00,1934.00,4323798
20151220,1932.00,1959.00,1879.00,1939.00,1917.00,4085544
20151221,1951.00,1970.00,1931.00,1951.00,1956.00,2256613
20151222,1935.00,2053.00,1925.00,2053.00,2002.00,5347946
20151223,2102.00,2102.00,2051.00,2088.00,2098.00,33012351
20151226,2085.00,2148.00,2050.00,2103.00,2104.00,13208280
20151227,2125.00,2188.00,2125.00,2140.00,2157.00,6628222
20151228,2141.00,2164.00,2101.00,2110.00,2126.00,5719329
20151230,2100.00,2159.00,2080.00,2096.00,2110.00,7406872
20160102,2110.00,2110.00,2040.00,2055.00,2061.00,5065008
20160103,2040.00,2125.00,2030.00,2079.00,2078.00,6746644
20160104,2070.00,2129.00,2068.00,2074.00,2091.00,4185523
20160105,2040.00,2120.00,2002.00,2066.00,2064.00,16260616
20160106,2100.00,2110.00,2031.00,2039.00,2057.00,12114732
20160109,2059.00,2059.00,2000.00,2001.00,2017.00,8813397
20160110,2020.00,2045.00,1980.00,1986.00,2003.00,7500547
20160111,2020.00,2045.00,1971.00,1988.00,2001.00,12979022
20160112,1981.00,2001.00,1920.00,1940.00,1947.00,17364931
20160113,1930.00,1999.00,1910.00,1949.00,1953.00,13424966
20160116,1998.00,2000.00,1907.00,1912.00,1936.00,17400633
20160117,1950.00,1950.00,1840.00,1840.00,1870.00,24315052
20160118,1821.00,1855.00,1777.00,1835.00,1800.00,18873981
20160119,1815.00,1870.00,1780.00,1791.00,1815.00,17020932
20160120,1780.00,1905.00,1735.00,1905.00,1857.00,18559092
20160123,1938.00,1949.00,1880.00,1949.00,1935.00,19705828
20160124,1950.00,2031.00,1940.00,2031.00,2010.00,26763801
20160125,2089.00,2110.00,2050.00,2110.00,2103.00,39859198
20160126,2061.00,2129.00,1998.00,1998.00,2050.00,43429891
20160127,2000.00,2040.00,1948.00,1948.00,1963.00,21366916
20160130,1971.00,2029.00,1923.00,1932.00,1979.00,8196841
20160131,1968.00,1968.00,1893.00,1902.00,1906.00,14139144
20160201,1930.00,1999.00,1906.00,1940.00,1955.00,22958788
20160202,2052.00,2052.00,2002.00,2052.00,2052.00,54029536
20160203,2154.00,2154.00,2154.00,2154.00,2154.00,10389202
20160206,2261.00,2261.00,2261.00,2261.00,2261.00,820927
20160207,2374.00,2374.00,2374.00,2374.00,2374.00,1564618
20160208,2492.00,2492.00,2492.00,2492.00,2492.00,1881475
20160209,2616.00,2616.00,2513.00,2616.00,2614.00,52738459
20160210,2720.00,2744.00,2650.00,2690.00,2733.00,57271641
20160213,2869.00,2869.00,2869.00,2869.00,2869.00,401575
20160214,3012.00,3012.00,3012.00,3012.00,3012.00,14977147
20160215,3162.00,3162.00,3080.00,3162.00,3150.00,155762410
20160216,3219.00,3307.00,3160.00,3229.00,3274.00,90050264
20160217,3251.00,3340.00,3160.00,3200.00,3238.00,44997262
20160220,3260.00,3399.00,3124.00,3257.00,3325.00,53948801
20160221,3320.00,3491.00,3183.00,3491.00,3399.00,38311558
20160222,3568.00,3568.00,3451.00,3568.00,3557.00,61682934
20160223,3566.00,3680.00,3402.00,3500.00,3550.00,48503638
20160224,3520.00,3580.00,3411.00,3411.00,3483.00,22819493
20160309,2680.00,2680.00,2461.00,2490.00,2571.00,75057357
20160316,2443.00,2443.00,2443.00,2443.00,2443.00,1463477
20160326,2321.00,2565.00,2321.00,2565.00,2451.00,33708168
20160327,2560.00,2573.00,2480.00,2573.00,2560.00,23528952
20160328,2600.00,2650.00,2516.00,2570.00,2606.00,17142740
20160329,2550.00,2588.00,2476.00,2476.00,2486.00,17493967
20160330,2470.00,2604.00,2431.00,2560.00,2546.00,26857608
20160402,2596.00,2667.00,2551.00,2590.00,2619.00,18637940
20160403,2621.00,2637.00,2500.00,2560.00,2554.00,13025003
20160404,2665.00,2681.00,2626.00,2681.00,2680.00,75552788
20160405,2700.00,2735.00,2585.00,2610.00,2647.00,26049791
20160406,2630.00,2769.00,2590.00,2688.00,2699.00,53971431
20160409,2700.00,2833.00,2680.00,2800.00,2799.00,54297072
20160410,2830.00,2889.00,2727.00,2730.00,2796.00,35529419
20160411,2769.00,2770.00,2660.00,2690.00,2693.00,19905859
20160412,2640.00,2687.00,2559.00,2559.00,2605.00,25913149
20160413,2508.00,2540.00,2475.00,2475.00,2489.00,9500705
20160416,2420.00,2469.00,2365.00,2365.00,2389.00,7947781
20160417,2270.00,2370.00,2270.00,2356.00,2297.00,48761924
20160418,2411.00,2411.00,2411.00,2411.00,2411.00,3612825
20160419,2531.00,2531.00,2421.00,2531.00,2522.00,40570081
20160420,2591.00,2648.00,2555.00,2589.00,2623.00,40288367
20160423,2629.00,2655.00,2531.00,2542.00,2586.00,12404982
20160424,2501.00,2648.00,2500.00,2621.00,2568.00,18554260
20160425,2650.00,2696.00,2627.00,2670.00,2689.00,37686390
20160426,2698.00,2823.00,2644.00,2823.00,2803.00,73721764
20160427,2850.00,2888.00,2731.00,2760.00,2820.00,46757531
20160430,2800.00,2849.00,2680.00,2710.00,2772.00,27584132
20160501,2711.00,2765.00,2634.00,2634.00,2651.00,30745412
20160502,2648.00,2783.00,2575.00,2783.00,2767.00,63818471
20160503,2803.00,2854.00,2750.00,2750.00,2796.00,25394675
20160504,2798.00,2816.00,2720.00,2740.00,2768.00,11202384
20160507,2750.00,2812.00,2659.00,2697.00,2715.00,17044481
20160508,2670.00,2729.00,2630.00,2632.00,2665.00,12431429
20160509,2663.00,2710.00,2601.00,2650.00,2654.00,8399740
20160510,2688.00,2786.00,2550.00,2786.00,2711.00,44756692
20160511,2846.00,2846.00,2730.00,2846.00,2826.00,132353476
20160514,2950.00,2967.00,2941.00,2967.00,2965.00,81650926
20160515,3113.00,3113.00,3030.00,3069.00,3106.00,153791361
20160516,3030.00,3144.00,2955.00,2980.00,3047.00,71317068
20160517,3001.00,3199.00,2999.00,3185.00,3147.00,125509368
20160518,3149.00,3214.00,3063.00,3130.00,3152.00,40928333
20160521,3154.00,3245.00,3122.00,3160.00,3180.00,20210871
20160523,3150.00,3220.00,3130.00,3152.00,3176.00,24520330
20160524,3180.00,3182.00,3056.00,3071.00,3104.00,19615286
20160525,3070.00,3140.00,2981.00,3010.00,3043.00,26385606
20160528,2990.00,3150.00,2990.00,3061.00,3089.00,22615665
20160529,3100.00,3170.00,3022.00,3040.00,3081.00,12716862
20160530,3120.00,3220.00,3060.00,3122.00,3147.00,37043211
20160531,3150.00,3169.00,3053.00,3060.00,3090.00,10497790
20160601,3063.00,3110.00,3050.00,3088.00,3080.00,12688139
20160605,3150.00,3180.00,3100.00,3100.00,3136.00,16579541
20160606,3100.00,3130.00,3015.00,3020.00,3061.00,20285409
20160607,3036.00,3140.00,3021.00,3060.00,3074.00,31961740
20160608,3053.00,3080.00,2989.00,3009.00,3009.00,18429832
20160611,3000.00,3000.00,2859.00,2859.00,2880.00,16580782
20160612,2790.00,2807.00,2736.00,2736.00,2750.00,47499748
20160613,2789.00,2819.00,2651.00,2700.00,2734.00,17417828
20160618,2699.00,2749.00,2611.00,2614.00,2659.00,11277903
20160619,2649.00,2680.00,2527.00,2527.00,2584.00,8782078
20160620,2483.00,2520.00,2455.00,2455.00,2464.00,35025960
20160621,2456.00,2587.00,2400.00,2587.00,2519.00,23251354
20160622,2587.00,2644.00,2551.00,2644.00,2629.00,9818337
20160625,2600.00,2640.00,2498.00,2498.00,2522.00,16971117
20160626,2450.00,2648.00,2435.00,2648.00,2583.00,31262335
20160628,2712.00,2712.00,2700.00,2712.00,2712.00,6490954
20160629,2722.00,2837.00,2630.00,2700.00,2747.00,35388367
20160702,2749.00,2826.00,2670.00,2670.00,2736.00,13069035
20160703,2700.00,2779.00,2670.00,2695.00,2722.00,10635615
20160704,2690.00,2792.00,2654.00,2712.00,2723.00,15194202
20160705,2760.00,2797.00,2701.00,2749.00,2754.00,11317876
20160709,2730.00,2730.00,2617.00,2617.00,2641.00,8223166
20160710,2580.00,2630.00,2509.00,2535.00,2542.00,17567984
20160711,2480.00,2530.00,2417.00,2455.00,2461.00,22448688
20160712,2449.00,2538.00,2401.00,2425.00,2458.00,16098324
20160713,2455.00,2495.00,2391.00,2477.00,2461.00,10617933
20160716,2449.00,2547.00,2447.00,2490.00,2509.00,9570251
20160717,2511.00,2564.00,2444.00,2444.00,2504.00,15604523
20160718,2470.00,2476.00,2405.00,2405.00,2421.00,12560321
20160725,2543.00,2579.00,2440.00,2467.00,2506.00,15015817
20160726,2478.00,2498.00,2440.00,2450.00,2470.00,7908826
20160727,2459.00,2539.00,2448.00,2463.00,2485.00,11072378
20160731,2498.00,2505.00,2426.00,2428.00,2457.00,7984556
20160801,2450.00,2485.00,2410.00,2433.00,2442.00,7591439
20160802,2458.00,2564.00,2449.00,2564.00,2522.00,23852395
20160803,2520.00,2596.00,2477.00,2489.00,2513.00,14340186
20160806,2499.00,2638.00,2466.00,2549.00,2587.00,45647479
20160807,2640.00,2699.00,2580.00,2582.00,2633.00,14164141
20160808,2589.00,2612.00,2520.00,2570.00,2568.00,10027786
20160809,2550.00,2665.00,2550.00,2640.00,2627.00,15249461
20160810,2661.00,2695.00,2625.00,2630.00,2657.00,10382540
20160813,2617.00,2663.00,2574.00,2644.00,2618.00,11052779
20160814,2660.00,2670.00,2576.00,2589.00,2616.00,8905363
20160815,2578.00,2649.00,2566.00,2600.00,2617.00,12354320
20160816,2587.00,2687.00,2577.00,2626.00,2649.00,25494035
20160817,2652.00,2652.00,2567.00,2580.00,2617.00,15714430
20160820,2585.00,2622.00,2544.00,2545.00,2580.00,8034435
20160821,2542.00,2608.00,2513.00,2520.00,2552.00,20789910
20160822,2550.00,2588.00,2520.00,2520.00,2551.00,8699177
20160823,2533.00,2570.00,2510.00,2515.00,2528.00,3837303
20160824,2507.00,2540.00,2495.00,2500.00,2505.00,6421171
20160827,2630.00,2630.00,2614.00,2630.00,2630.00,37610404
20160828,2660.00,2680.00,2566.00,2569.00,2627.00,19422685
20160829,2561.00,2605.00,2560.00,2564.00,2582.00,6417214
20160830,2580.00,2580.00,2505.00,2530.00,2544.00,4760037
20160831,2521.00,2540.00,2470.00,2485.00,2493.00,7091202
20160903,2485.00,2550.00,2455.00,2477.00,2500.00,4269997
20160904,2500.00,2500.00,2445.00,2457.00,2459.00,5660738
20160905,2456.00,2490.00,2445.00,2468.00,2464.00,5219588
20160906,2477.00,2531.00,2469.00,2470.00,2486.00,9922375
20160907,2499.00,2523.00,2451.00,2451.00,2478.00,7915212
20160910,2452.00,2465.00,2421.00,2429.00,2433.00,6041822
20160911,2430.00,2449.00,2411.00,2412.00,2425.00,7125979
20160913,2416.00,2440.00,2331.00,2370.00,2369.00,12192585
20160914,2360.00,2480.00,2340.00,2450.00,2436.00,14567013
20160917,2490.00,2555.00,2480.00,2555.00,2526.00,18206655
20160918,2576.00,2625.00,2557.00,2572.00,2587.00,14096453
20160919,2586.00,2630.00,2549.00,2567.00,2581.00,10750102
20160921,2610.00,2710.00,2590.00,2650.00,2677.00,60649576
20160924,2671.00,2770.00,2639.00,2641.00,2690.00,23875167
20160925,2643.00,2679.00,2602.00,2626.00,2639.00,15766937
20160926,2631.00,2690.00,2625.00,2642.00,2654.00,11825536
20160927,2675.00,2697.00,2645.00,2660.00,2665.00,13174418
20160928,2680.00,2776.00,2651.00,2760.00,2726.00,21159296
20161001,2790.00,2824.00,2720.00,2733.00,2763.00,13068934
20161002,2749.00,2749.00,2692.00,2702.00,2715.00,10729110
20161003,2729.00,2749.00,2681.00,2690.00,2706.00,13087483
20161004,2700.00,2730.00,2650.00,2651.00,2694.00,13777850
20161005,2698.00,2698.00,2631.00,2644.00,2649.00,10682087
20161008,2631.00,2740.00,2630.00,2710.00,2698.00,15723285
20161009,2710.00,2765.00,2704.00,2749.00,2746.00,12070713
20161010,2756.00,2840.00,2730.00,2825.00,2796.00,19915759
20161015,2848.00,2849.00,2740.00,2768.00,2788.00,10426190
20161016,2768.00,2791.00,2695.00,2698.00,2713.00,9390411
20161017,2728.00,2800.00,2710.00,2770.00,2752.00,13961177
20161018,2770.00,2800.00,2740.00,2746.00,2764.00,5715503
20161019,2798.00,2798.00,2730.00,2741.00,2757.00,7710776
20161022,2750.00,2750.00,2670.00,2680.00,2703.00,11040265
20161023,2700.00,2798.00,2680.00,2770.00,2756.00,16095672
20161024,2778.00,2778.00,2711.00,2739.00,2752.00,7997255
20161025,2750.00,2889.00,2750.00,2889.00,2878.00,35381353
20161026,2989.00,2998.00,2911.00,2939.00,2955.00,60152214
20161029,2995.00,3060.00,2930.00,2940.00,2998.00,26055632
20161030,2949.00,2949.00,2860.00,2883.00,2899.00,15371969
20161031,2870.00,2910.00,2835.00,2850.00,2858.00,15081992
20161101,2851.00,2939.00,2851.00,2870.00,2880.00,10929534
20161102,2890.00,2900.00,2833.00,2850.00,2872.00,12198948
20161105,2919.00,2964.00,2852.00,2861.00,2902.00,19386026
20161106,2860.00,2890.00,2757.00,2757.00,2785.00,21542289
20161107,2729.00,2788.00,2710.00,2751.00,2756.00,12219054
20161108,2763.00,2838.00,2760.00,2818.00,2800.00,11406902
20161109,2671.00,2740.00,2660.00,2721.00,2680.00,24547174
20161112,2750.00,2806.00,2725.00,2734.00,2762.00,19369783
20161113,2743.00,2799.00,2730.00,2740.00,2743.00,8565864
20161114,2739.00,2763.00,2710.00,2751.00,2737.00,9884573
20161115,2781.00,2850.00,2750.00,2848.00,2793.00,21177529
20161116,2850.00,2904.00,2814.00,2821.00,2849.00,21635202
20161119,2790.00,2810.00,2760.00,2760.00,2777.00,9946533
20161121,2794.00,2794.00,2731.00,2748.00,2758.00,6661333
20161122,2784.00,2880.00,2756.00,2799.00,2808.00,11006063
20161123,2849.00,2849.00,2778.00,2800.00,2811.00,8708871
20161126,2810.00,2838.00,2780.00,2783.00,2810.00,6614120
20161127,2829.00,2829.00,2771.00,2779.00,2786.00,3325951
20161129,2780.00,2780.00,2729.00,2740.00,2749.00,8423401
20161203,2730.00,2730.00,2622.00,2690.00,2662.00,10639583
20161204,2730.00,2750.00,2679.00,2690.00,2705.00,11066533
20161205,2650.00,2705.00,2620.00,2649.00,2653.00,9750906
20161206,2665.00,2693.00,2627.00,2637.00,2657.00,7996090
20161207,2658.00,2682.00,2640.00,2640.00,2652.00,7993748
20161210,2669.00,2716.00,2630.00,2640.00,2657.00,8492579
20161211,2680.00,2680.00,2605.00,2618.00,2625.00,4744851
20161212,2640.00,2642.00,2565.00,2600.00,2605.00,7501811
20161213,2591.00,2600.00,2512.00,2520.00,2551.00,7383323
20161214,2546.00,2678.00,2532.00,2678.00,2638.00,25827975
20161218,2704.00,2754.00,2671.00,2681.00,2703.00,13039764
20161219,2697.00,2717.00,2630.00,2641.00,2668.00,6424139
20161220,2650.00,2655.00,2570.00,2572.00,2599.00,6518037
20161221,2600.00,2709.00,2600.00,2661.00,2664.00,6267270
20161224,2685.00,2721.00,2614.00,2648.00,2678.00,5277607
20161225,2650.00,2690.00,2622.00,2640.00,2648.00,7819390
20161226,2690.00,2700.00,2621.00,2660.00,2657.00,5288837
20161227,2642.00,2655.00,2571.00,2590.00,2601.00,5629839
20161228,2651.00,2700.00,2650.00,2694.00,2681.00,10482951
20161231,2690.00,2710.00,2655.00,2661.00,2683.00,5499665
20170101,2660.00,2670.00,2630.00,2645.00,2645.00,3154420
20170102,2631.00,2670.00,2606.00,2620.00,2618.00,5340247
20170103,2660.00,2670.00,2604.00,2630.00,2636.00,4821743
20170104,2630.00,2681.00,2620.00,2642.00,2650.00,9454316
20170107,2662.00,2697.00,2659.00,2670.00,2679.00,11356300
20170108,2696.00,2812.00,2675.00,2812.00,2779.00,21424344
20170109,2800.00,2840.00,2750.00,2792.00,2794.00,12045592
20170111,2794.00,2794.00,2710.00,2746.00,2746.00,7816806
20170415,865.00,950.00,850.00,857.00,882.00,573584004
20170416,866.00,866.00,838.00,838.00,843.00,61597201
20170417,801.00,875.00,801.00,862.00,835.00,340623482
20170418,860.00,875.00,840.00,857.00,863.00,152442714
20170419,870.00,870.00,829.00,831.00,840.00,130770151
20170422,840.00,856.00,825.00,827.00,836.00,112438121
20170423,832.00,832.00,804.00,807.00,810.00,101303547
20170424,816.00,828.00,802.00,820.00,818.00,44972690
20170426,822.00,822.00,802.00,804.00,807.00,66364869
20170429,810.00,810.00,786.00,797.00,796.00,86381496
20170430,799.00,835.00,788.00,835.00,824.00,62376274
20170501,853.00,860.00,824.00,828.00,842.00,79413650
20170502,837.00,837.00,805.00,806.00,815.00,55766294
20170503,820.00,831.00,800.00,819.00,809.00,45820412
20170506,823.00,827.00,805.00,815.00,815.00,51622027
20170507,828.00,840.00,810.00,819.00,824.00,50460825
20170508,825.00,825.00,807.00,808.00,813.00,40296626
20170509,811.00,825.00,801.00,812.00,808.00,48911278
20170510,820.00,826.00,811.00,815.00,817.00,36187374
20170513,818.00,819.00,801.00,803.00,807.00,42110841
20170514,809.00,811.00,792.00,795.00,798.00,35889883
20170515,799.00,802.00,790.00,798.00,795.00,26371879
20170516,799.00,810.00,794.00,797.00,800.00,28363379
20170517,802.00,805.00,796.00,799.00,799.00,38043355
20170520,811.00,822.00,801.00,807.00,808.00,41168350
20170521,807.00,807.00,794.00,794.00,797.00,31985042
20170522,800.00,829.00,797.00,808.00,814.00,48360105
20170523,815.00,816.00,804.00,807.00,807.00,23536746
20170524,808.00,822.00,807.00,816.00,815.00,38071426
20170527,818.00,819.00,804.00,806.00,811.00,36687312
20170528,805.00,813.00,790.00,790.00,799.00,46586392
20170529,796.00,804.00,790.00,795.00,795.00,23255478
20170530,796.00,799.00,777.00,782.00,782.00,40164523
20170531,791.00,797.00,777.00,778.00,782.00,30641650
20170603,782.00,785.00,763.00,769.00,769.00,37471692
20170606,771.00,771.00,746.00,749.00,754.00,44023488
20170607,740.00,755.00,717.00,729.00,727.00,76674854
20170610,740.00,742.00,719.00,720.00,730.00,23172981
20170611,724.00,724.00,697.00,701.00,706.00,37961428
20170612,709.00,709.00,685.00,688.00,693.00,26228674
20170613,690.00,727.00,677.00,727.00,708.00,52272177
20170614,735.00,743.00,723.00,743.00,739.00,26625118
20170617,767.00,767.00,739.00,743.00,752.00,35170751
20170618,744.00,744.00,715.00,718.00,722.00,19602800
20170619,719.00,719.00,700.00,707.00,707.00,15590305
20170620,702.00,729.00,701.00,707.00,709.00,16391645
20170621,717.00,717.00,704.00,704.00,708.00,22412152
20170624,702.00,726.00,702.00,712.00,715.00,23809648
20170625,717.00,728.00,714.00,715.00,718.00,23129859
20170628,716.00,725.00,700.00,707.00,712.00,24433105
20170701,706.00,717.00,701.00,705.00,707.00,15661215
20170702,705.00,706.00,688.00,692.00,693.00,21705474
20170703,697.00,727.00,683.00,705.00,708.00,41783637
20170704,710.00,711.00,692.00,692.00,697.00,20344812
20170705,697.00,707.00,690.00,703.00,699.00,25656175
20170708,700.00,701.00,686.00,690.00,692.00,23945748
20170709,687.00,700.00,685.00,688.00,690.00,28299890
20170710,700.00,724.00,700.00,724.00,721.00,90623663
20170711,733.00,741.00,711.00,714.00,723.00,26317311
20170712,719.00,750.00,719.00,748.00,741.00,92549507
20170715,752.00,770.00,752.00,767.00,763.00,75921183
20170716,770.00,784.00,760.00,778.00,770.00,132199041
20170801,810.00,810.00,771.00,781.00,789.00,115443940
20170802,774.00,795.00,765.00,789.00,784.00,66146583
20170806,784.00,795.00,771.00,773.00,778.00,24420335
20170807,775.00,776.00,750.00,770.00,760.00,46704434
20170808,777.00,798.00,764.00,798.00,790.00,68674503
20170809,812.00,822.00,801.00,805.00,811.00,55873905
20170812,804.00,819.00,790.00,800.00,803.00,42768861
20170813,793.00,807.00,782.00,785.00,793.00,22553879
20170814,790.00,798.00,781.00,789.00,791.00,26035259
20170815,783.00,800.00,782.00,785.00,794.00,36347309
20170816,791.00,815.00,785.00,810.00,805.00,52456539
20170819,812.00,828.00,806.00,821.00,821.00,47966010
20170820,821.00,830.00,809.00,820.00,818.00,34313335
20170821,820.00,842.00,820.00,834.00,836.00,48397702
20170822,840.00,849.00,825.00,827.00,833.00,34111708
20170823,830.00,838.00,824.00,836.00,833.00,57104304
20170826,839.00,849.00,832.00,842.00,841.00,43990692
20170827,843.00,845.00,830.00,831.00,835.00,34532536
20170828,835.00,876.00,828.00,876.00,857.00,116621066
20170829,882.00,899.00,879.00,899.00,895.00,96947889
20170830,930.00,939.00,908.00,913.00,930.00,204196613
20170902,905.00,960.00,905.00,917.00,932.00,55164329
20170903,928.00,938.00,904.00,905.00,911.00,46109233
20170904,905.00,911.00,883.00,908.00,898.00,39751759
20170905,900.00,927.00,876.00,876.00,900.00,69255535
20170906,890.00,895.00,867.00,876.00,876.00,30456181
20170910,860.00,881.00,841.00,848.00,859.00,44792649
20170911,841.00,858.00,835.00,845.00,847.00,23390394
20170912,850.00,886.00,841.00,884.00,869.00,46498618
20170913,889.00,908.00,886.00,887.00,893.00,39887815
20170916,900.00,902.00,880.00,890.00,893.00,23357793
20170917,885.00,900.00,885.00,890.00,892.00,29749413
20170918,895.00,920.00,891.00,912.00,911.00,32459466
20170919,915.00,947.00,915.00,926.00,933.00,51969358
20170920,930.00,930.00,900.00,908.00,912.00,23373182
20170927,936.00,944.00,916.00,920.00,932.00,54990958
20171002,909.00,909.00,886.00,886.00,890.00,87064304
20171003,869.00,877.00,846.00,851.00,854.00,49391784
20171004,852.00,880.00,852.00,864.00,867.00,22953663
20171007,867.00,867.00,824.00,824.00,830.00,45950395
20171008,825.00,825.00,789.00,792.00,793.00,60093715
20171009,800.00,827.00,788.00,811.00,805.00,33751536
20171010,806.00,817.00,798.00,803.00,805.00,16005474
20171011,799.00,810.00,785.00,805.00,799.00,21871324
20171014,810.00,830.00,799.00,802.00,808.00,75769947
20171015,802.00,810.00,789.00,792.00,795.00,37220358
20171016,791.00,815.00,791.00,802.00,802.00,23347008
20171017,799.00,809.00,796.00,799.00,800.00,31299096
20171018,807.00,822.00,800.00,813.00,810.00,38925304
20171021,824.00,850.00,824.00,849.00,847.00,93085669
20171022,859.00,879.00,841.00,846.00,857.00,44805113
20171023,855.00,859.00,829.00,829.00,839.00,32773258
20171024,844.00,844.00,828.00,831.00,834.00,18312780
20171025,829.00,849.00,829.00,832.00,836.00,23087897
20171028,833.00,840.00,813.00,817.00,821.00,30637363
20171029,822.00,825.00,800.00,803.00,808.00,37296446
20171030,795.00,805.00,785.00,801.00,795.00,42860546
20171031,805.00,825.00,800.00,808.00,811.00,33384787
20171101,811.00,820.00,799.00,804.00,804.00,30736823
20171104,795.00,800.00,782.00,787.00,793.00,59446189
20171105,800.00,802.00,787.00,794.00,794.00,85987266
20171106,793.00,798.00,786.00,789.00,789.00,28005007
20171107,786.00,788.00,771.00,775.00,778.00,36057566
20171108,781.00,794.00,768.00,783.00,778.00,25292458
20171111,789.00,795.00,779.00,780.00,785.00,24458505
20171112,788.00,794.00,774.00,777.00,780.00,20887745
20171113,777.00,792.00,777.00,781.00,783.00,22325392
20171114,790.00,793.00,778.00,778.00,783.00,15573148
20171115,780.00,785.00,776.00,778.00,780.00,18646830
20171118,785.00,786.00,765.00,773.00,772.00,23838449
20171120,777.00,785.00,766.00,768.00,774.00,20112350
20171121,770.00,780.00,764.00,769.00,768.00,28165401
20171122,763.00,796.00,763.00,787.00,780.00,34386568
20171125,792.00,819.00,792.00,819.00,815.00,89986702
20171126,825.00,843.00,812.00,813.00,822.00,37915150
20171128,802.00,824.00,796.00,797.00,805.00,43768829
20171129,797.00,809.00,790.00,793.00,794.00,22969307
20171202,792.00,808.00,787.00,788.00,794.00,27248738
20171203,804.00,820.00,789.00,793.00,800.00,28570589
20171204,791.00,800.00,787.00,790.00,791.00,19954741
20171205,787.00,801.00,785.00,786.00,791.00,25210033
20171209,795.00,797.00,781.00,781.00,787.00,25985225
20171210,786.00,796.00,780.00,784.00,784.00,23034855
20171211,790.00,823.00,782.00,823.00,819.00,222689205
20171212,859.00,859.00,859.00,859.00,859.00,8644348
20171213,901.00,901.00,863.00,901.00,893.00,460750068
20171216,910.00,914.00,880.00,890.00,894.00,98182210
20171217,892.00,935.00,892.00,910.00,913.00,103780552
20171218,913.00,958.00,913.00,958.00,942.00,161861470
20171219,970.00,983.00,946.00,960.00,966.00,114686578
20171220,962.00,971.00,938.00,960.00,953.00,95349550
20171223,970.00,970.00,906.00,906.00,925.00,163975253
20171224,898.00,899.00,879.00,879.00,884.00,84392877
20171225,862.00,905.00,861.00,875.00,881.00,92171126
20171226,882.00,891.00,849.00,859.00,859.00,68587260
20171227,860.00,860.00,844.00,847.00,850.00,48138975
20171230,830.00,830.00,808.00,811.00,815.00,87084516
20171231,800.00,809.00,775.00,794.00,784.00,139126060
20180101,793.00,823.00,792.00,823.00,815.00,23514532
20180102,842.00,855.00,831.00,840.00,847.00,131462184
20180103,849.00,849.00,817.00,825.00,829.00,36693575
20180106,825.00,847.00,825.00,830.00,834.00,17976077
20180107,840.00,875.00,836.00,875.00,873.00,135215311
20180108,890.00,903.00,871.00,876.00,885.00,76116882
20180109,865.00,879.00,850.00,851.00,856.00,38752476
20180110,850.00,891.00,840.00,867.00,870.00,53710431
20180113,870.00,897.00,860.00,863.00,874.00,32792384
20180114,870.00,873.00,852.00,854.00,859.00,31409066
20180115,858.00,872.00,841.00,845.00,853.00,33167868
20180116,858.00,858.00,828.00,842.00,837.00,37223533
20180117,852.00,867.00,839.00,841.00,847.00,45404494
20180120,855.00,855.00,826.00,828.00,831.00,42601876
20180121,823.00,848.00,815.00,828.00,830.00,29153177
20180122,830.00,862.00,830.00,840.00,847.00,31094216
20180123,843.00,858.00,835.00,840.00,842.00,20883211
20180124,842.00,842.00,830.00,833.00,833.00,33268477
20180127,838.00,838.00,821.00,828.00,825.00,27801764
20180128,835.00,835.00,822.00,829.00,827.00,21148428
20180129,830.00,840.00,825.00,832.00,830.00,29553941
20180130,832.00,846.00,827.00,828.00,831.00,20760117
20180210,859.00,861.00,823.00,850.00,854.00,24650102
20180212,857.00,858.00,840.00,850.00,848.00,37995165
20180213,851.00,884.00,846.00,873.00,862.00,47767559
20180214,872.00,878.00,841.00,841.00,855.00,49509493
20180217,859.00,897.00,840.00,897.00,892.00,263729650
20180218,900.00,900.00,858.00,861.00,871.00,60879708
20180219,863.00,863.00,842.00,850.00,850.00,28277404
20180221,840.00,840.00,829.00,838.00,834.00,39304056
20180224,843.00,872.00,832.00,851.00,852.00,33467304
20180225,851.00,859.00,845.00,846.00,850.00,20174322
20180226,844.00,855.00,839.00,842.00,843.00,23066823
20180227,845.00,852.00,841.00,846.00,846.00,26803740
20180228,846.00,850.00,836.00,836.00,840.00,40936922
20180303,840.00,844.00,825.00,828.00,829.00,44085933
20180304,826.00,853.00,826.00,837.00,842.00,26356917
20180305,839.00,852.00,832.00,842.00,841.00,25788035
20180306,840.00,879.00,840.00,869.00,860.00,80311216
20180307,878.00,880.00,845.00,855.00,867.00,75382503
20180310,848.00,859.00,829.00,832.00,836.00,33635527
20180311,838.00,838.00,814.00,817.00,822.00,38335119
20180312,816.00,831.00,816.00,822.00,825.00,15472714
20180313,818.00,830.00,807.00,810.00,814.00,31046807
20180314,815.00,820.00,810.00,812.00,813.00,23873121
20180317,808.00,828.00,807.00,809.00,813.00,25113940
20180318,810.00,829.00,810.00,825.00,825.00,73609145
20180319,825.00,848.00,825.00,839.00,840.00,15860386
20180325,837.00,843.00,830.00,838.00,837.00,5837478
20180326,832.00,838.00,825.00,834.00,833.00,14106556
20180327,830.00,839.00,825.00,827.00,829.00,9313941
20180328,825.00,841.00,825.00,840.00,832.00,12293402
20180403,850.00,873.00,850.00,860.00,863.00,34709978
20180404,860.00,860.00,845.00,849.00,851.00,11929407
20180407,854.00,854.00,826.00,831.00,832.00,13134057
20180408,821.00,838.00,810.00,821.00,817.00,35401278
20180409,811.00,829.00,811.00,826.00,823.00,35719841
20180410,822.00,823.00,811.00,813.00,815.00,21208380
20180411,813.00,825.00,782.00,786.00,793.00,89727405
20180415,789.00,805.00,754.00,760.00,761.00,99669287
20180416,750.00,772.00,738.00,760.00,761.00,23648235
20180417,755.00,773.00,740.00,751.00,749.00,31216403
20180418,752.00,761.00,743.00,752.00,746.00,68261062
20180421,745.00,760.00,735.00,736.00,745.00,33553554
20180422,738.00,745.00,718.00,723.00,727.00,32437622
20180423,720.00,730.00,712.00,717.00,717.00,37056175
20180424,723.00,752.00,717.00,751.00,745.00,41439376
20180425,751.00,760.00,739.00,741.00,748.00,20033847
20180428,727.00,734.00,711.00,713.00,715.00,47112613
20180429,702.00,720.00,689.00,698.00,704.00,29525254
20180430,688.00,709.00,688.00,696.00,697.00,27699024
20180501,697.00,720.00,692.00,705.00,707.00,19172409
20180505,705.00,718.00,697.00,700.00,702.00,16920577
20180506,709.00,725.00,692.00,707.00,708.00,30339726
20180507,702.00,730.00,702.00,725.00,723.00,22110058
20180508,730.00,743.00,720.00,730.00,729.00,22549716
20180509,728.00,729.00,694.00,706.00,714.00,64427325
20180512,702.00,725.00,702.00,725.00,716.00,22846528
20180513,721.00,751.00,720.00,751.00,748.00,57054541
20180514,758.00,785.00,758.00,785.00,780.00,82445489
20180515,784.00,803.00,760.00,760.00,780.00,39056036
20180516,756.00,771.00,756.00,759.00,763.00,31146788
20180519,760.00,789.00,759.00,771.00,776.00,34218258
20180520,782.00,795.00,771.00,776.00,784.00,40001652
20180521,788.00,788.00,766.00,775.00,774.00,21648759
20180522,764.00,779.00,755.00,773.00,762.00,28523980
20180523,765.00,800.00,765.00,800.00,797.00,63857163
20180526,836.00,836.00,836.00,836.00,836.00,22247260
20180527,849.00,869.00,835.00,837.00,848.00,148851975
20180528,840.00,842.00,811.00,814.00,820.00,49621998
20180529,810.00,839.00,806.00,830.00,822.00,13928042
20180530,853.00,890.00,840.00,849.00,855.00,64647803
20180602,843.00,875.00,842.00,850.00,855.00,46720049
20180603,843.00,850.00,835.00,841.00,843.00,27210142
20180609,837.00,850.00,812.00,813.00,822.00,26946321
20180610,820.00,863.00,814.00,863.00,849.00,341248879
20180611,872.00,891.00,867.00,891.00,887.00,280469356
20180612,919.00,931.00,902.00,921.00,926.00,196623426
20180613,972.00,1020.00,972.00,1020.00,1007.00,30768075
20180617,1057.00,1057.00,1057.00,1057.00,1057.00,136360041
20180618,1109.00,1109.00,1063.00,1090.00,1102.00,535811916
20180619,1082.00,1157.00,1061.00,1157.00,1127.00,189704566
20180620,1183.00,1183.00,1183.00,1183.00,1183.00,22593705
20180623,1242.00,1242.00,1242.00,1242.00,1242.00,7584103
20180624,1304.00,1369.00,1304.00,1369.00,1365.00,15094736
20180625,1433.00,1433.00,1410.00,1433.00,1433.00,574545854
20180626,1399.00,1425.00,1362.00,1362.00,1372.00,405199357
20180627,1304.00,1340.00,1239.00,1290.00,1259.00,387411287
20180630,1321.00,1321.00,1280.00,1295.00,1314.00,286144749
20180701,1291.00,1292.00,1249.00,1249.00,1252.00,142379039
20180702,1250.00,1310.00,1191.00,1270.00,1251.00,205774402
20180703,1285.00,1313.00,1275.00,1313.00,1309.00,171317925
20180704,1351.00,1374.00,1280.00,1300.00,1334.00,197152408
20180707,1290.00,1333.00,1268.00,1274.00,1281.00,152784831
20180708,1252.00,1288.00,1252.00,1258.00,1272.00,49281732
20180710,1251.00,1320.00,1250.00,1261.00,1274.00,60546041
20180711,1255.00,1288.00,1211.00,1230.00,1234.00,140284393
20180724,1201.00,1245.00,1178.00,1189.00,1196.00,62740295
20180725,1215.00,1275.00,1185.00,1275.00,1234.00,97354908
20180728,1295.00,1295.00,1295.00,1295.00,1295.00,12303960
20180729,1359.00,1359.00,1321.00,1359.00,1356.00,263820087
20180730,1394.00,1423.00,1379.00,1423.00,1413.00,90657501
20180731,1483.00,1483.00,1483.00,1483.00,1483.00,1790240
20180801,1557.00,1634.00,1480.00,1510.00,1526.00,354953613
20180804,1490.00,1570.00,1451.00,1519.00,1505.00,178710274
20180805,1550.00,1580.00,1534.00,1580.00,1578.00,296942195
20180806,1656.00,1656.00,1649.00,1656.00,1656.00,211243246
20180807,1670.00,1738.00,1648.00,1738.00,1715.00,403518816
20180808,1750.00,1790.00,1662.00,1768.00,1736.00,206162262
20180811,1788.00,1822.00,1762.00,1821.00,1807.00,110750314
20180812,1824.00,1890.00,1733.00,1793.00,1808.00,168560730
20180813,1779.00,1779.00,1718.00,1718.00,1721.00,169195229
20180814,1670.00,1795.00,1658.00,1698.00,1721.00,262984858
20180815,1701.00,1734.00,1670.00,1685.00,1687.00,90500232
20180818,1670.00,1685.00,1613.00,1665.00,1644.00,125814173
20180819,1720.00,1726.00,1691.00,1726.00,1725.00,173980189
20180820,1790.00,1811.00,1771.00,1811.00,1801.00,138640294
20180821,1801.00,1861.00,1730.00,1826.00,1816.00,143090350
20180825,1839.00,1885.00,1777.00,1788.00,1812.00,88109954
20180826,1784.00,1900.00,1740.00,1887.00,1847.00,153936634
20180827,1899.00,1939.00,1890.00,1939.00,1932.00,148477344
20180828,1980.00,1999.00,1837.00,1920.00,1914.00,199643971
20180829,1940.00,1972.00,1900.00,1910.00,1939.00,83258893
20180901,1910.00,1955.00,1860.00,1870.00,1894.00,83511373
20180902,1861.00,1870.00,1800.00,1800.00,1807.00,120625998
20180903,1820.00,1897.00,1781.00,1897.00,1867.00,112132575
20180904,1930.00,1960.00,1902.00,1950.00,1940.00,95953414
20180905,1950.00,1954.00,1895.00,1940.00,1922.00,80737308
20180908,1950.00,2018.00,1935.00,2018.00,2002.00,107292688
20180909,2102.00,2102.00,2090.00,2102.00,2102.00,34682285
20180910,2207.00,2207.00,2180.00,2207.00,2207.00,76919068
20180911,2317.00,2317.00,2223.00,2317.00,2294.00,166669441
20180912,2408.00,2528.00,2408.00,2528.00,2527.00,39638814
20180915,2653.00,2653.00,2432.00,2471.00,2570.00,239880651
20180916,2510.00,2560.00,2442.00,2540.00,2489.00,163197500
20180917,2597.00,2612.00,2490.00,2496.00,2567.00,182774412
20180918,2547.00,2581.00,2453.00,2500.00,2512.00,109734780
20180922,2550.00,2630.00,2539.00,2565.00,2587.00,96652302
20180923,2620.00,2716.00,2620.00,2716.00,2708.00,68138908
20180924,2843.00,2843.00,2843.00,2843.00,2843.00,37935833
20180925,2985.00,2985.00,2985.00,2985.00,2985.00,22150017
20180926,3134.00,3134.00,3134.00,3134.00,3134.00,8961083
20180929,3290.00,3454.00,3290.00,3454.00,3440.00,224306199
20180930,3612.00,3612.00,3612.00,3612.00,3612.00,41402282
20181001,3792.00,3792.00,3792.00,3792.00,3792.00,6950834
20181006,3981.00,3981.00,3782.00,3782.00,3885.00,72851064
20181007,3691.00,3691.00,3691.00,3691.00,3691.00,44613632
20181008,3507.00,3507.00,3507.00,3507.00,3507.00,13858218
20181009,3332.00,3618.00,3332.00,3332.00,3393.00,550695159
20181010,3224.00,3290.00,3224.00,3224.00,3226.00,86677768
20181013,3065.00,3065.00,3065.00,3065.00,3065.00,1808016
20181014,2912.00,2912.00,2767.00,2767.00,2770.00,442664807
20181015,2850.00,2908.00,2820.00,2908.00,2899.00,185562457
20181016,2998.00,3000.00,2755.00,2836.00,2883.00,202330861
20181017,2739.00,2785.00,2739.00,2739.00,2743.00,185289021
20181020,2800.00,2880.00,2800.00,2880.00,2864.00,118099958
20181021,2960.00,2960.00,2870.00,2877.00,2900.00,107275040
20181022,2870.00,2870.00,2755.00,2755.00,2766.00,119898436
20181023,2790.00,2790.00,2628.00,2628.00,2654.00,43105749
20181024,2522.00,2522.00,2522.00,2522.00,2522.00,11628668
20181027,2396.00,2396.00,2396.00,2396.00,2396.00,15833748
20181028,2277.00,2277.00,2277.00,2277.00,2277.00,4749892
20181029,2390.00,2505.00,2275.00,2449.00,2394.00,161897311
20181031,2489.00,2513.00,2394.00,2513.00,2487.00,84173440
20181103,2550.00,2610.00,2470.00,2502.00,2540.00,84836153
20181104,2520.00,2589.00,2413.00,2413.00,2444.00,101763615
20181105,2413.00,2558.00,2380.00,2542.00,2497.00,68609308
20181106,2500.00,2621.00,2500.00,2621.00,2618.00,161712364
20181110,2701.00,2748.00,2644.00,2748.00,2726.00,125489306
20181111,2840.00,2862.00,2790.00,2862.00,2856.00,160214447
20181112,2996.00,2996.00,2950.00,2951.00,2993.00,17618250
20181113,3142.00,3250.00,2985.00,2985.00,3091.00,166174232
20181114,2937.00,2937.00,2937.00,2937.00,2937.00,35012347
20181117,2791.00,2870.00,2791.00,2791.00,2800.00,149422088
20181118,2800.00,2879.00,2660.00,2670.00,2690.00,164108483
20181119,2688.00,2761.00,2600.00,2688.00,2706.00,73132915
20181120,2682.00,2780.00,2630.00,2690.00,2689.00,133690747
20181202,1638.00,1639.00,1557.00,1613.00,1579.00,276890461
20181203,1638.00,1657.00,1611.00,1657.00,1654.00,153175000
20181204,1736.00,1736.00,1660.00,1736.00,1724.00,218034863
20181205,1781.00,1810.00,1748.00,1810.00,1802.00,191478485
20181208,1885.00,1892.00,1825.00,1892.00,1884.00,83909648
20181209,1978.00,1978.00,1820.00,1930.00,1909.00,331034933
20181210,1983.00,2082.00,1956.00,2081.00,2035.00,255638040
20181212,2070.00,2136.00,2001.00,2088.00,2091.00,314892645
20181215,2092.00,2145.00,1987.00,1987.00,2032.00,213913381
20181216,1950.00,2030.00,1931.00,1931.00,1954.00,100775878
20181217,1857.00,1927.00,1857.00,1857.00,1865.00,302047730
20181218,1855.00,1935.00,1801.00,1921.00,1903.00,181773107
20181219,1934.00,1934.00,1830.00,1868.00,1868.00,110068553
20181222,1860.00,1898.00,1785.00,1825.00,1834.00,99679716
20181223,1830.00,1909.00,1785.00,1881.00,1879.00,117041114
20181224,1900.00,1945.00,1880.00,1926.00,1916.00,71058515
20181225,1950.00,1953.00,1890.00,1896.00,1911.00,67864021
20181226,1920.00,1920.00,1856.00,1875.00,1881.00,88768208
20181229,1895.00,1898.00,1830.00,1836.00,1858.00,76250197
20181230,1835.00,1888.00,1795.00,1845.00,1844.00,76128643
20181231,1901.00,1901.00,1847.00,1850.00,1874.00,60828564
20190101,1856.00,1856.00,1799.00,1799.00,1813.00,106846429
20190102,1790.00,1795.00,1723.00,1725.00,1736.00,146432861
20190105,1680.00,1731.00,1650.00,1650.00,1660.00,116289989
20190106,1632.00,1743.00,1590.00,1743.00,1708.00,182413126
20190107,1750.00,1790.00,1725.00,1750.00,1764.00,92738896
20190108,1770.00,1770.00,1693.00,1710.00,1715.00,75405584
20190109,1778.00,1866.00,1690.00,1728.00,1747.00,79577230
20190112,1706.00,1706.00,1660.00,1660.00,1666.00,172881087
20190113,1621.00,1661.00,1591.00,1628.00,1614.00,143334982
20190114,1620.00,1645.00,1575.00,1589.00,1595.00,109869919
20190115,1580.00,1622.00,1550.00,1586.00,1577.00,125967848
20190116,1590.00,1619.00,1585.00,1595.00,1596.00,66545717
20190119,1612.00,1612.00,1556.00,1560.00,1569.00,67675669
20190120,1560.00,1560.00,1501.00,1534.00,1516.00,99410646
20190121,1591.00,1591.00,1510.00,1591.00,1579.00,203193863
20190122,1599.00,1620.00,1551.00,1567.00,1580.00,82562885
20190123,1559.00,1561.00,1520.00,1530.00,1533.00,67632310
20190126,1530.00,1530.00,1457.00,1464.00,1468.00,144011197
20190127,1452.00,1509.00,1443.00,1454.00,1468.00,84698709
20190128,1460.00,1469.00,1402.00,1406.00,1416.00,90540518
20190129,1420.00,1489.00,1353.00,1433.00,1429.00,317461808
20190130,1441.00,1441.00,1369.00,1371.00,1387.00,191121766
20190202,1350.00,1357.00,1318.00,1318.00,1326.00,93095235
20190203,1290.00,1310.00,1260.00,1278.00,1271.00,269460487
20190204,1292.00,1334.00,1292.00,1334.00,1325.00,85786971
20190205,1391.00,1391.00,1354.00,1391.00,1387.00,245735040
20190206,1430.00,1449.00,1385.00,1388.00,1416.00,217326972
20190210,1380.00,1380.00,1346.00,1346.00,1355.00,140337882
20190212,1325.00,1345.00,1289.00,1299.00,1303.00,127297929
20190213,1300.00,1368.00,1300.00,1368.00,1355.00,216305953
20190216,1375.00,1418.00,1370.00,1382.00,1396.00,120587927
20190217,1370.00,1389.00,1330.00,1341.00,1343.00,102257259
20190218,1390.00,1440.00,1351.00,1364.00,1373.00,70507459
20190219,1376.00,1413.00,1353.00,1384.00,1387.00,110738188
20190220,1394.00,1456.00,1382.00,1456.00,1448.00,237525400
20190223,1498.00,1520.00,1480.00,1520.00,1517.00,272850005
20190224,1550.00,1562.00,1491.00,1499.00,1526.00,206910876
20190225,1505.00,1592.00,1488.00,1560.00,1548.00,240205411
20190226,1520.00,1555.00,1478.00,1506.00,1509.00,174467865
20190227,1520.00,1534.00,1475.00,1490.00,1495.00,143447231
20190302,1484.00,1484.00,1431.00,1449.00,1449.00,125085965
20190303,1440.00,1484.00,1396.00,1460.00,1429.00,198487782
20190304,1472.00,1488.00,1450.00,1470.00,1475.00,125509004
20190305,1480.00,1487.00,1425.00,1429.00,1441.00,78919623
20190306,1420.00,1448.00,1404.00,1419.00,1418.00,95843122
20190309,1406.00,1418.00,1375.00,1380.00,1385.00,102666771
20190310,1370.00,1548.00,1370.00,1445.00,1457.00,163153743
20190311,1447.00,1504.00,1435.00,1460.00,1479.00,207498599
20190312,1455.00,1472.00,1427.00,1430.00,1443.00,96559874
20190313,1480.00,1499.00,1426.00,1429.00,1450.00,129386763
20190316,1430.00,1465.00,1408.00,1423.00,1432.00,116501824
20190317,1446.00,1477.00,1421.00,1428.00,1437.00,76091971
20190318,1440.00,1459.00,1437.00,1440.00,1446.00,78934216
20190319,1450.00,1480.00,1450.00,1462.00,1465.00,137639324
20190325,1475.00,1477.00,1440.00,1447.00,1449.00,63561126
20190326,1450.00,1469.00,1431.00,1464.00,1452.00,101521005
20190327,1469.00,1524.00,1468.00,1524.00,1518.00,235350064
20190330,1560.00,1593.00,1540.00,1593.00,1589.00,237725261
20190331,1630.00,1645.00,1531.00,1572.00,1584.00,229097328
20190406,1591.00,1625.00,1548.00,1613.00,1601.00,146915872
20190407,1640.00,1681.00,1621.00,1639.00,1670.00,349939681
20190408,1640.00,1738.00,1619.00,1707.00,1691.00,341774293
20190409,1699.00,1739.00,1652.00,1705.00,1690.00,232791906
20190410,1718.00,1772.00,1689.00,1751.00,1748.00,260484062
20190413,1774.00,1800.00,1687.00,1700.00,1727.00,224141710
20190414,1676.00,1719.00,1649.00,1699.00,1682.00,187840409
20190415,1705.00,1759.00,1705.00,1710.00,1727.00,184042441
20190416,1716.00,1722.00,1641.00,1641.00,1669.00,199431015
20190417,1610.00,1645.00,1586.00,1611.00,1610.00,188612009
20190420,1625.00,1685.00,1625.00,1680.00,1660.00,180823366
20190422,1710.00,1710.00,1601.00,1612.00,1643.00,177492583
20190423,1606.00,1635.00,1582.00,1586.00,1604.00,132619187
20190424,1600.00,1636.00,1581.00,1600.00,1599.00,158783826
20190427,1616.00,1644.00,1601.00,1609.00,1616.00,158753277
20190428,1627.00,1675.00,1627.00,1671.00,1655.00,191717384
20190429,1689.00,1770.00,1689.00,1741.00,1715.00,179365420
20190430,1770.00,1770.00,1646.00,1673.00,1706.00,221924251
20190501,1670.00,1699.00,1649.00,1681.00,1677.00,203414932
20190504,1659.00,1760.00,1659.00,1760.00,1747.00,452145051
20190505,1808.00,1834.00,1750.00,1834.00,1822.00,617411040
20190506,1890.00,1913.00,1780.00,1879.00,1883.00,1013887239
20190507,1895.00,1920.00,1789.00,1789.00,1801.00,535396810
20190508,1800.00,1885.00,1780.00,1870.00,1834.00,395167702
20190511,1785.00,1833.00,1743.00,1743.00,1782.00,337783280
20190512,1723.00,1748.00,1693.00,1695.00,1698.00,369716505
20190513,1710.00,1770.00,1680.00,1743.00,1728.00,184637901
20190514,1751.00,1789.00,1725.00,1733.00,1749.00,228450848
20190515,1762.00,1775.00,1681.00,1719.00,1730.00,186002489
20190518,1721.00,1790.00,1716.00,1750.00,1763.00,205286855
20190519,1759.00,1841.00,1734.00,1820.00,1806.00,302476977
20190520,1830.00,1830.00,1753.00,1774.00,1783.00,154781329
20190521,1768.00,1810.00,1768.00,1773.00,1788.00,130861242
20190522,1792.00,1809.00,1751.00,1771.00,1767.00,103224533
20190525,1768.00,1771.00,1715.00,1730.00,1728.00,88385053
20190526,1729.00,1765.00,1718.00,1729.00,1736.00,108696298
20190528,1767.00,1810.00,1767.00,1778.00,1788.00,148121772
20190529,1819.00,1823.00,1745.00,1750.00,1777.00,143754834
20190601,1725.00,1746.00,1700.00,1714.00,1715.00,225229224
20190602,1712.00,1786.00,1712.00,1758.00,1743.00,161385245
20190603,1765.00,1828.00,1765.00,1810.00,1810.00,226716767
20190608,1812.00,1830.00,1780.00,1793.00,1802.00,117691301
20190609,1792.00,1860.00,1786.00,1826.00,1825.00,210999001
20190610,1850.00,1870.00,1806.00,1811.00,1825.00,182186068
20190611,1850.00,1850.00,1795.00,1817.00,1814.00,175805395
20190612,1818.00,1848.00,1770.00,1775.00,1800.00,205107527
20190615,1762.00,1777.00,1725.00,1741.00,1750.00,157748884
20190616,1750.00,1801.00,1729.00,1738.00,1757.00,170837369
20190617,1774.00,1800.00,1729.00,1736.00,1746.00,68605162
20190618,1750.00,1770.00,1702.00,1722.00,1724.00,118453696
20190619,1722.00,1722.00,1638.00,1670.00,1672.00,132445889
20190624,1742.00,1819.00,1655.00,1755.00,1748.00,119834985
20190625,1760.00,1789.00,1699.00,1780.00,1749.00,202030663
20190626,1799.00,1836.00,1766.00,1836.00,1829.00,429157109
20190630,1870.00,1874.00,1799.00,1804.00,1828.00,196677251
20190701,1830.00,1830.00,1770.00,1776.00,1781.00,138298529
20190702,1790.00,1790.00,1731.00,1740.00,1743.00,174269008
20190703,1740.00,1779.00,1720.00,1729.00,1736.00,152378685
20190706,1740.00,1743.00,1685.00,1690.00,1700.00,202773653
20190710,1701.00,1745.00,1666.00,1671.00,1684.00,125606265
20190713,1662.00,1670.00,1615.00,1635.00,1627.00,234017022
20190714,1620.00,1674.00,1618.00,1656.00,1647.00,141284541
20190715,1660.00,1670.00,1610.00,1615.00,1627.00,125519773
20190716,1611.00,1611.00,1546.00,1546.00,1560.00,104008297
20190717,1530.00,1600.00,1503.00,1540.00,1556.00,158624926
20190720,1539.00,1599.00,1516.00,1520.00,1541.00,115048941
20190721,1510.00,1575.00,1510.00,1545.00,1545.00,104185061
20190722,1560.00,1594.00,1549.00,1578.00,1573.00,129101484
20190723,1595.00,1595.00,1525.00,1548.00,1542.00,68116297
20190724,1550.00,1550.00,1514.00,1521.00,1522.00,102516858
20190727,1520.00,1543.00,1480.00,1488.00,1492.00,143490216
20190728,1493.00,1566.00,1453.00,1566.00,1536.00,248981265
20190729,1570.00,1590.00,1526.00,1539.00,1553.00,100858386
20190730,1551.00,1564.00,1515.00,1524.00,1525.00,82283478
20190731,1516.00,1549.00,1487.00,1508.00,1506.00,124893951
20190803,1500.00,1500.00,1480.00,1490.00,1488.00,108458227
20190804,1491.00,1535.00,1484.00,1506.00,1503.00,103325173
20190805,1520.00,1527.00,1496.00,1505.00,1503.00,111355912
20190806,1514.00,1546.00,1506.00,1513.00,1518.00,109816893
20190807,1518.00,1528.00,1491.00,1500.00,1501.00,119762701
20190810,1501.00,1510.00,1482.00,1487.00,1488.00,110691367
20190811,1490.00,1508.00,1474.00,1485.00,1483.00,116483571
20190813,1489.00,1557.00,1479.00,1557.00,1525.00,171909504
20190814,1599.00,1601.00,1572.00,1601.00,1600.00,254461954
20190817,1630.00,1630.00,1560.00,1581.00,1595.00,181934402
20190818,1580.00,1650.00,1561.00,1606.00,1603.00,162777270
20190819,1633.00,1680.00,1612.00,1639.00,1639.00,110740754
20190821,1658.00,1658.00,1601.00,1610.00,1619.00,159468272
20190824,1615.00,1651.00,1601.00,1628.00,1632.00,193839813
20190825,1640.00,1664.00,1580.00,1615.00,1609.00,157308412
20190826,1609.00,1689.00,1604.00,1689.00,1670.00,241086343
20190827,1753.00,1753.00,1691.00,1710.00,1746.00,459353815
20190828,1709.00,1829.00,1690.00,1811.00,1781.00,395629715
20190831,1850.00,1870.00,1773.00,1827.00,1842.00,478058501
20190901,1810.00,1882.00,1783.00,1813.00,1828.00,254840696
20190902,1807.00,1859.00,1737.00,1737.00,1762.00,292889069
20190903,1757.00,1773.00,1720.00,1756.00,1744.00,139071799
20190904,1760.00,1823.00,1755.00,1796.00,1804.00,204441233
20190907,1820.00,1829.00,1770.00,1790.00,1794.00,180506339
20190908,1795.00,1795.00,1750.00,1759.00,1766.00,201141217
20190911,1766.00,1798.00,1751.00,1780.00,1772.00,160952189
20190914,1800.00,1860.00,1780.00,1860.00,1839.00,339971622
20190915,1886.00,1927.00,1825.00,1909.00,1884.00,339809262
20190916,1968.00,2059.00,1936.00,1959.00,1968.00,254459146
20190917,1979.00,2039.00,1896.00,1988.00,1981.00,298713211
20190918,1988.00,1988.00,1882.00,1912.00,1905.00,271836710
20190921,1900.00,1975.00,1900.00,1948.00,1949.00,136963794
20190922,1972.00,2000.00,1948.00,1968.00,1981.00,150371047
20190923,1998.00,2080.00,1951.00,2080.00,2052.00,297352581
20190924,2120.00,2145.00,2041.00,2081.00,2090.00,269056235
20190925,2090.00,2194.00,2045.00,2194.00,2167.00,367069052
20190928,2264.00,2275.00,2225.00,2275.00,2267.00,133045599
20190929,2380.00,2380.00,2190.00,2316.00,2319.00,396662296
20190930,2319.00,2419.00,2260.00,2380.00,2352.00,244206142
20191001,2400.00,2420.00,2235.00,2235.00,2299.00,332678806
20191002,2215.00,2400.00,2190.00,2247.00,2253.00,224367117
20191005,2252.00,2341.00,2180.00,2222.00,2256.00,192312679
20191006,2228.00,2298.00,2145.00,2217.00,2218.00,118943770
20191007,2215.00,2284.00,2108.00,2201.00,2229.00,171824068
20191008,2200.00,2220.00,2118.00,2118.00,2148.00,155561551
20191009,2066.00,2128.00,2041.00,2085.00,2062.00,255947509
20191012,2120.00,2137.00,2059.00,2125.00,2097.00,151663289
20191013,2131.00,2159.00,2044.00,2061.00,2100.00,129263207
20191014,2051.00,2076.00,1995.00,1995.00,2003.00,155913360
20191015,1980.00,2003.00,1903.00,1903.00,1917.00,140707707
20191016,1863.00,1972.00,1822.00,1866.00,1885.00,221994142
20191020,1901.00,1921.00,1791.00,1796.00,1805.00,310755913
20191021,1776.00,1843.00,1731.00,1840.00,1798.00,188886114
20191022,1865.00,1887.00,1812.00,1887.00,1874.00,146520433
20191023,1880.00,1890.00,1794.00,1831.00,1831.00,118074138
20191026,1841.00,1843.00,1790.00,1834.00,1813.00,72301992
20191028,1840.00,1900.00,1831.00,1899.00,1881.00,102961657
20191030,1932.00,1975.00,1920.00,1975.00,1964.00,163438649
20191102,2020.00,2038.00,1914.00,1934.00,1964.00,143176677
20191103,1936.00,1986.00,1890.00,1922.00,1940.00,134786178
20191104,1918.00,1922.00,1843.00,1843.00,1865.00,167321818
20191105,1818.00,1887.00,1792.00,1835.00,1832.00,126955666
20191109,1850.00,1880.00,1818.00,1826.00,1845.00,96342748
20191110,1840.00,1840.00,1773.00,1793.00,1790.00,109192967
20191111,1831.00,1880.00,1799.00,1811.00,1818.00,79522156
20191112,1820.00,1844.00,1799.00,1807.00,1814.00,111313264
20191113,1810.00,1849.00,1781.00,1836.00,1804.00,118941427
20191116,1830.00,1835.00,1767.00,1770.00,1794.00,102257015
20191117,1727.00,1755.00,1705.00,1705.00,1712.00,176361108
20191118,1660.00,1778.00,1660.00,1729.00,1732.00,112882486
20191119,1740.00,1810.00,1740.00,1802.00,1788.00,74372974
20191120,1815.00,1835.00,1762.00,1790.00,1784.00,83001340
20191123,1808.00,1808.00,1761.00,1770.00,1774.00,83314051
20191124,1765.00,1796.00,1741.00,1769.00,1759.00,109668479
20191125,1785.00,1846.00,1770.00,1846.00,1819.00,189710967
20191126,1861.00,1872.00,1817.00,1830.00,1839.00,110876006
20191127,1847.00,1848.00,1801.00,1820.00,1822.00,109907214
20191130,1849.00,1913.00,1830.00,1913.00,1900.00,324223600
20191201,1940.00,1978.00,1922.00,1950.00,1947.00,152593085
20191202,1950.00,1960.00,1850.00,1890.00,1902.00,178873217
20191203,1899.00,1925.00,1857.00,1880.00,1890.00,118484756
20191204,1899.00,1916.00,1875.00,1891.00,1891.00,141222379
20191207,1916.00,1960.00,1901.00,1916.00,1922.00,166407309
20191208,1930.00,1969.00,1901.00,1949.00,1941.00,183012828
20191209,1962.00,1980.00,1938.00,1959.00,1959.00,184741485
20191210,1990.00,2056.00,1958.00,2010.00,2041.00,368623139
20191211,2020.00,2135.00,1970.00,2107.00,2081.00,263947302
20191214,2130.00,2140.00,2095.00,2110.00,2117.00,181569128
20191215,2120.00,2135.00,2020.00,2035.00,2066.00,252206030
20191216,2031.00,2081.00,2001.00,2047.00,2042.00,168856491
20191217,2077.00,2118.00,2050.00,2077.00,2080.00,173436844
20191218,2081.00,2098.00,2041.00,2064.00,2055.00,163262907
20191221,2089.00,2089.00,2049.00,2059.00,2059.00,171846808
20191222,2052.00,2105.00,2020.00,2079.00,2050.00,237055999
20191223,2110.00,2152.00,2057.00,2109.00,2125.00,448141630
20191224,2139.00,2199.00,2100.00,2149.00,2158.00,186395427
20191225,2155.00,2192.00,2124.00,2168.00,2155.00,173230505
20191228,2189.00,2250.00,2173.00,2212.00,2215.00,219709411
20191229,2212.00,2235.00,2170.00,2195.00,2198.00,158389127
20191230,2211.00,2211.00,2158.00,2164.00,2171.00,234735825
20191231,2194.00,2237.00,2075.00,2165.00,2153.00,229136853
20200105,2100.00,2149.00,1995.00,2063.00,2062.00,395276574
20200107,2020.00,2099.00,1959.00,1959.00,1996.00,234015093
20200108,1957.00,1998.00,1957.00,1961.00,1958.00,758061820
20200111,1997.00,1997.00,1997.00,1997.00,1997.00,11046845
20200112,2096.00,2096.00,2096.00,2096.00,2096.00,272932645
20200113,2105.00,2200.00,2103.00,2200.00,2187.00,612651598
20200114,2250.00,2278.00,2186.00,2211.00,2225.00,273579650
20200115,2240.00,2290.00,2200.00,2225.00,2245.00,188702203
20200118,2267.00,2350.00,2257.00,2269.00,2296.00,310377941
20200119,2279.00,2305.00,2203.00,2225.00,2242.00,277450357
20200120,2215.00,2222.00,2182.00,2190.00,2193.00,160637695
20200121,2180.00,2180.00,2101.00,2115.00,2134.00,206209853
20200122,2110.00,2199.00,2075.00,2168.00,2148.00,249712181
20200125,2200.00,2205.00,2158.00,2161.00,2173.00,274670853
20200126,2151.00,2198.00,2111.00,2135.00,2149.00,332914771
20200127,2132.00,2178.00,2095.00,2161.00,2142.00,237545461
20200128,2181.00,2249.00,2181.00,2249.00,2243.00,254800781
20200201,2355.00,2355.00,2300.00,2355.00,2349.00,642930025
20200202,2388.00,2466.00,2232.00,2466.00,2430.00,451460520
20200203,2551.00,2551.00,2499.00,2551.00,2550.00,164077118
20200204,2677.00,2677.00,2551.00,2677.00,2663.00,736474711
20200205,2730.00,2796.00,2690.00,2796.00,2776.00,218669647
20200208,2914.00,2914.00,2800.00,2900.00,2898.00,860689697
20200209,2879.00,2965.00,2759.00,2800.00,2849.00,684969874
20200210,2849.00,2850.00,2707.00,2707.00,2725.00,455104453
20200212,2751.00,2861.00,2710.00,2861.00,2844.00,426170755
20200215,2940.00,2959.00,2725.00,2790.00,2828.00,295973880
20200216,2811.00,2969.00,2748.00,2969.00,2891.00,527283188
20200217,3000.00,3027.00,2859.00,2900.00,2949.00,315788040
20200218,2903.00,2940.00,2802.00,2834.00,2852.00,221208475